Gate Type,Fan-In,Fan-Out,Total Gate Count,Critical Path,Logic Depth
AND,1,1,23632,8,3
OR,5,2,21429,10,6
NOT,3,3,18860,6,4
XOR,1,2,24620,9,5
XOR,3,3,23869,6,6
NAND,4,1,20105,10,9
XOR,1,4,19081,5,5
XOR,2,3,15773,8,4
XOR,2,2,18710,9,5
OR,2,1,23370,10,5
AND,2,1,22984,10,7
OR,3,1,17751,5,3
NAND,3,4,22250,6,9
XOR,1,4,21903,6,5
XOR,2,3,22663,9,8
OR,3,2,16791,5,7
NOT,5,4,15863,7,9
NAND,1,1,19932,8,9
XOR,1,3,24262,9,8
XOR,2,2,22457,8,9
NOT,4,1,23550,8,4
AND,4,4,17810,10,6
NOT,1,4,17567,6,5
NAND,1,4,20337,8,4
NAND,2,2,24587,10,8
OR,5,2,21885,7,8
AND,2,4,24172,10,7
NAND,2,1,20662,5,8
OR,3,4,16128,5,4
XOR,2,3,18333,5,8
OR,4,4,15568,10,4
NOT,5,1,19761,8,4
AND,1,4,22675,7,9
XOR,1,3,19629,7,6
OR,1,4,23920,10,9
XOR,2,2,18656,10,8
AND,2,4,20406,8,9
AND,2,4,20143,7,6
AND,3,1,23292,6,6
NAND,3,1,16816,7,9
NAND,4,2,19649,10,9
AND,5,4,23700,10,6
XOR,1,2,19260,5,8
NAND,5,3,20982,7,4
NAND,2,4,19724,5,5
XOR,4,1,23186,8,7
NOT,5,4,24105,5,7
XOR,3,3,17117,9,3
XOR,1,4,19867,10,9
OR,5,3,17295,8,4
XOR,1,2,22804,8,5
OR,1,2,16934,9,6
NOT,4,1,22691,6,3
NAND,5,4,20525,10,5
NOT,4,2,19528,5,5
OR,2,4,22754,9,6
AND,2,4,23742,10,7
OR,1,4,24857,8,6
XOR,3,3,15021,5,4
NOT,4,2,19643,8,4
AND,3,3,21828,6,9
AND,2,3,18476,10,7
NAND,1,4,20237,8,8
AND,2,1,18946,6,6
NAND,2,4,15330,9,7
NOT,2,3,22132,5,7
NOT,5,2,21610,5,4
OR,2,2,23601,5,5
NAND,3,4,18848,6,4
XOR,2,1,18812,8,5
NOT,1,2,24454,7,3
AND,5,1,23644,10,7
AND,5,3,20877,5,4
NAND,2,1,19024,5,7
XOR,3,1,16626,7,4
NAND,2,3,22414,6,6
NOT,1,3,22705,8,8
NAND,4,1,19771,7,8
AND,4,2,18927,5,8
NAND,2,4,20769,9,7
OR,1,2,15369,5,9
XOR,1,1,22246,8,7
XOR,4,3,24649,5,5
OR,5,2,19773,10,9
XOR,5,1,15406,7,6
XOR,3,1,21007,9,8
OR,2,1,22368,8,7
AND,2,1,17649,6,6
OR,3,2,20438,8,6
XOR,3,1,20893,6,7
OR,4,4,18432,5,9
OR,2,1,15333,9,6
AND,2,3,16221,9,8
NAND,4,1,24428,7,7
AND,2,2,18634,6,5
NAND,5,4,22035,6,4
NOT,3,3,19081,6,4
OR,2,4,23295,7,6
NAND,4,3,22918,7,6
NOT,1,4,18316,9,7
XOR,2,2,17398,7,7
AND,4,1,21747,5,7
NAND,4,1,21940,10,6
NAND,1,4,21524,8,4
AND,1,3,17598,7,5
AND,3,1,16160,10,4
OR,3,2,22413,7,8
AND,3,4,16388,8,3
NAND,1,1,19772,5,5
XOR,2,1,21123,9,8
AND,2,2,18760,8,8
OR,5,2,21222,9,7
AND,1,1,17570,7,5
OR,2,4,22016,7,4
NOT,3,3,16607,8,5
NAND,2,1,23169,9,9
NOT,1,2,22175,8,5
OR,2,2,19476,10,6
XOR,3,3,23582,10,9
AND,3,4,18600,10,7
NOT,1,3,24677,9,5
AND,1,1,23943,5,8
AND,2,3,15570,10,8
XOR,2,1,21934,9,5
NOT,5,2,17492,7,4
OR,4,4,16871,10,7
NAND,4,2,22876,9,3
OR,2,3,21274,6,7
XOR,4,3,15715,7,6
NOT,3,2,21727,5,5
AND,5,3,22889,5,5
XOR,1,2,20944,9,8
NAND,1,2,20891,5,7
AND,2,2,19912,6,4
NAND,1,2,17831,8,5
NOT,3,3,22354,9,9
XOR,1,4,15063,10,4
AND,2,2,23206,5,5
AND,3,3,22104,5,8
NOT,4,1,15748,8,8
OR,4,2,19105,6,9
AND,5,1,21296,7,3
OR,3,1,23924,8,3
NAND,2,3,15083,8,4
NAND,2,4,21696,9,4
XOR,3,3,22712,5,7
OR,4,1,15559,7,6
AND,1,2,24606,9,5
AND,2,3,16753,9,3
NOT,3,2,19319,10,5
NAND,2,1,19262,10,5
OR,2,4,16442,5,4
OR,5,2,22294,7,8
OR,1,1,23080,10,8
NOT,2,3,16268,7,3
OR,2,3,15400,6,7
XOR,4,4,16720,5,4
AND,5,4,15345,7,3
OR,5,2,18290,8,8
XOR,5,1,24888,10,3
AND,4,2,16931,6,3
XOR,1,2,21177,9,7
OR,5,3,19806,6,8
OR,4,3,22925,9,7
XOR,1,3,22711,8,5
XOR,5,2,22155,8,8
NOT,2,1,24791,5,3
OR,4,3,20407,8,5
NOT,1,3,16354,5,9
AND,1,4,17241,6,8
XOR,3,3,18092,10,8
XOR,3,4,19660,10,5
NAND,3,3,19501,6,4
XOR,2,3,17983,8,9
OR,4,4,22692,10,7
NAND,3,2,20921,7,9
XOR,3,3,17362,6,7
OR,2,2,16495,6,9
NOT,2,3,19360,7,5
XOR,1,3,21604,5,7
OR,5,1,17310,8,7
NAND,1,2,15639,8,5
NOT,1,4,18489,8,7
NOT,2,4,21385,5,6
NAND,3,1,24849,5,3
NAND,4,4,23332,6,9
OR,4,4,17935,6,8
XOR,5,3,16789,7,9
NOT,1,4,20472,6,4
XOR,5,2,20717,10,6
AND,1,3,16454,9,3
AND,5,3,15595,6,7
AND,4,3,23237,7,3
AND,3,1,15352,10,9
AND,5,3,18255,6,3
NAND,2,3,15641,10,3
NOT,5,4,20291,5,5
NOT,1,1,22348,9,7
NAND,2,3,17901,10,7
NAND,1,3,22580,7,6
XOR,4,3,19900,8,8
XOR,4,1,16886,8,7
OR,3,3,22205,5,8
OR,2,4,16764,7,6
NAND,1,1,19677,6,8
AND,3,2,23781,8,4
NAND,2,2,21740,6,3
OR,1,2,17816,10,7
XOR,3,2,16943,5,7
AND,5,4,18390,7,4
NAND,5,3,19970,7,5
OR,3,2,21054,10,7
AND,4,4,23240,9,8
NAND,1,1,18953,10,6
NAND,4,1,24328,6,9
NAND,3,4,17863,9,8
NAND,3,4,16043,7,8
NOT,4,2,24511,5,9
XOR,5,2,15615,9,4
NOT,5,4,22737,8,8
OR,3,1,19143,5,9
AND,1,1,23366,8,6
XOR,3,4,18476,9,4
NOT,3,4,20698,8,3
OR,1,4,22487,8,6
XOR,2,1,19540,7,5
OR,1,1,18229,5,3
XOR,3,1,17073,9,5
XOR,4,3,19929,5,3
NAND,3,4,17812,5,7
OR,3,2,15743,7,5
OR,1,4,15654,10,8
NAND,2,2,18149,6,3
XOR,4,2,23102,6,3
AND,4,3,18127,7,8
NAND,5,4,22769,10,7
NAND,3,3,15763,5,6
OR,5,1,23817,5,7
NAND,2,2,18072,7,7
NOT,4,2,16835,10,7
AND,5,1,20813,5,9
OR,4,4,24287,7,8
XOR,1,1,19404,9,9
XOR,1,4,24131,5,5
AND,2,2,17112,7,8
XOR,2,2,15443,5,7
OR,3,2,20398,7,9
NAND,4,3,16163,8,9
OR,4,2,21648,9,4
OR,3,2,22923,7,8
OR,1,4,23990,7,8
OR,2,3,19652,7,4
NAND,4,4,17026,5,8
NAND,3,4,21295,6,3
NAND,4,4,17216,10,3
OR,5,2,21837,9,9
NOT,5,3,22717,8,8
OR,1,3,24623,8,5
NAND,2,4,18580,7,9
OR,1,4,23803,7,8
NOT,2,3,24405,6,8
OR,1,2,18126,10,5
NOT,3,1,19660,5,3
NOT,1,1,17739,10,6
XOR,2,3,19850,5,6
AND,2,3,22183,8,5
NOT,3,4,24017,7,6
NAND,1,3,24419,7,7
NOT,4,3,22081,5,9
NOT,2,2,20105,5,6
OR,2,1,17004,9,8
NAND,1,4,20567,9,5
NAND,3,3,20866,10,3
NAND,2,4,15809,9,5
XOR,2,3,24442,9,5
NAND,5,3,19143,9,9
XOR,1,1,17571,10,5
OR,5,1,23541,8,8
OR,3,3,20293,8,4
NAND,3,2,20114,9,6
NOT,1,3,24550,8,5
NOT,1,4,18910,5,6
OR,2,2,24227,7,7
NAND,1,1,22098,7,7
OR,5,4,21683,6,6
NOT,4,2,15810,5,6
NAND,1,1,24742,6,7
AND,1,1,21854,6,3
NOT,3,3,20213,8,3
NOT,4,1,20829,10,6
NOT,5,4,23592,5,8
NAND,5,2,24478,9,5
AND,2,3,21588,10,9
NAND,3,4,24096,6,4
AND,2,4,17415,5,5
NAND,1,2,22857,10,5
OR,3,2,22844,9,8
NAND,3,4,17000,7,8
NOT,5,1,23357,8,6
OR,4,1,23514,8,6
NAND,5,4,17594,6,3
OR,3,2,21909,7,5
OR,1,4,21211,6,6
XOR,1,1,22018,9,9
NOT,1,4,15178,8,7
AND,5,1,24893,6,8
AND,4,1,23225,8,5
NOT,5,2,15664,9,7
NAND,2,3,16343,8,8
OR,3,4,21255,7,8
AND,2,2,20837,5,6
AND,5,1,18962,6,6
AND,1,3,15852,6,3
AND,2,3,15376,7,5
NOT,4,4,18312,10,7
AND,3,1,21767,5,9
AND,5,4,23729,6,7
NOT,5,4,18640,5,5
XOR,4,1,22481,8,5
NAND,2,3,20621,8,6
NAND,5,4,18325,8,7
AND,3,3,21829,5,5
OR,3,4,15221,9,3
OR,4,4,18796,5,3
NAND,4,2,22840,5,4
XOR,1,3,21695,9,9
NAND,1,4,24045,5,5
XOR,1,2,15509,7,4
NAND,3,2,19459,8,3
NOT,3,2,21110,8,9
NOT,3,3,15904,6,3
NOT,4,4,19809,10,8
XOR,5,3,20387,6,9
NOT,3,1,18158,10,8
OR,3,3,16073,9,6
AND,3,1,20121,10,4
NAND,2,1,15160,5,6
NOT,5,1,19409,9,3
OR,5,1,23925,9,9
AND,3,1,18303,7,7
NOT,5,4,23380,10,9
NAND,1,1,16436,8,6
NOT,3,4,20941,5,5
OR,1,4,21466,9,7
NOT,3,3,16194,5,4
NAND,1,3,20095,5,9
NAND,5,2,15860,6,7
OR,2,2,19398,9,3
XOR,5,3,24942,8,3
NAND,1,2,19482,10,7
NOT,3,4,22280,6,9
NAND,3,4,19112,5,6
OR,2,3,22460,8,8
XOR,2,3,22818,10,6
NOT,5,2,20361,6,9
OR,2,3,15155,9,7
AND,3,1,21020,8,7
NOT,4,2,18857,9,3
NOT,1,1,18461,7,9
XOR,5,3,24955,8,5
AND,4,1,22113,5,8
XOR,5,4,15677,8,7
NOT,1,4,15060,5,7
OR,3,4,20648,7,6
NOT,3,2,22532,7,9
NOT,1,1,22252,7,3
OR,3,3,23524,6,4
NAND,4,4,17182,5,8
AND,3,4,21178,5,9
NAND,3,1,18490,5,7
OR,2,2,23203,5,7
XOR,1,1,19216,10,9
NAND,1,2,21900,6,8
AND,1,4,20503,10,5
NAND,3,3,24164,9,6
OR,4,3,20375,7,7
NOT,3,1,23915,6,6
XOR,2,1,20312,10,6
XOR,4,4,20098,8,5
NAND,5,1,17388,7,5
NOT,3,1,22709,10,6
OR,2,4,21112,6,3
NOT,3,2,16525,8,5
NOT,2,1,24657,9,5
NOT,2,4,19582,7,6
AND,4,4,19513,5,8
OR,4,2,23029,5,3
AND,5,1,22725,7,6
NOT,4,4,21585,8,6
AND,1,3,19460,9,5
NOT,4,1,23042,9,4
NOT,2,2,18791,8,6
XOR,5,4,22877,8,6
XOR,3,2,19094,5,5
NAND,4,1,15395,10,5
NAND,3,3,23843,10,9
AND,2,2,19454,6,4
XOR,1,4,18572,10,4
AND,1,3,21804,5,9
NAND,3,2,22930,9,6
NOT,1,3,19285,6,6
NOT,4,1,18824,9,7
NOT,2,2,20196,10,4
XOR,1,2,24673,7,5
OR,1,1,23865,10,7
XOR,3,4,19282,9,7
AND,5,1,19727,9,6
AND,2,2,19314,5,3
XOR,3,1,20335,5,5
NAND,5,4,16548,10,6
AND,1,1,20441,9,3
NOT,5,3,15852,10,9
OR,5,4,21396,6,7
NOT,2,1,20272,5,7
NAND,2,1,24605,10,9
XOR,5,2,23185,8,6
XOR,3,4,16737,5,6
OR,5,2,17859,9,6
OR,4,1,16101,9,5
OR,1,1,18107,9,9
XOR,1,1,21910,8,6
XOR,3,1,22651,7,9
NAND,3,4,23596,10,3
NAND,3,4,15460,7,6
AND,3,2,17845,5,8
XOR,4,3,18777,6,6
XOR,3,2,18139,7,9
AND,2,4,20639,6,7
NOT,4,2,19156,10,4
XOR,3,3,17516,7,7
XOR,3,3,24084,8,4
NOT,2,2,16191,8,5
AND,5,3,21782,7,4
OR,2,3,19583,9,5
XOR,2,3,22668,6,4
NOT,5,1,22450,9,4
NAND,1,4,22217,7,6
OR,2,4,22049,10,7
OR,2,3,16297,8,9
NAND,2,4,22471,6,4
NAND,1,2,22368,10,7
OR,1,3,22059,7,9
OR,2,4,15104,5,4
AND,3,4,19565,7,4
XOR,4,4,15435,8,4
XOR,1,3,18660,7,3
AND,5,4,21917,8,4
XOR,1,3,23373,5,7
OR,1,3,17732,5,5
XOR,4,1,15142,7,8
XOR,5,2,19461,7,9
OR,3,2,24955,8,6
AND,4,4,18709,7,5
NOT,5,1,16862,9,9
OR,2,4,24130,5,9
NAND,2,3,21262,9,9
OR,2,1,19964,10,5
NAND,1,2,17886,7,5
NOT,1,1,22787,5,8
AND,4,2,21240,6,7
XOR,4,1,20370,8,6
XOR,4,3,23604,10,9
XOR,5,4,24016,5,5
AND,5,4,22494,5,3
AND,1,2,21297,7,4
NAND,1,3,15193,9,6
XOR,2,3,24838,6,7
OR,4,4,17795,5,7
NAND,3,3,17305,8,5
XOR,5,3,21791,8,5
NOT,4,3,23377,5,8
OR,3,1,17696,10,6
XOR,5,3,21565,8,5
NAND,2,2,18925,6,7
OR,1,2,21188,7,9
NAND,5,3,22122,5,9
NAND,1,2,20821,7,7
AND,5,1,16200,10,4
AND,3,3,24493,10,8
AND,2,2,24822,7,3
XOR,4,4,18459,9,7
XOR,2,2,16429,5,3
NOT,1,2,21746,9,9
AND,5,2,17486,9,5
NAND,3,3,20947,8,7
AND,3,2,15996,8,8
NOT,5,4,21000,7,4
AND,2,2,17652,5,3
NAND,2,3,16226,10,6
OR,4,4,23368,7,6
NOT,5,4,21169,7,9
NOT,5,3,17714,10,4
NOT,2,2,15390,9,7
NAND,4,4,22845,10,9
NAND,2,4,19002,9,4
XOR,5,1,20042,7,5
OR,1,2,17418,10,5
XOR,4,2,16557,6,7
NAND,4,2,19186,10,5
NAND,4,2,17162,9,3
NOT,1,3,15868,5,9
NAND,4,4,17628,5,6
XOR,5,3,18169,7,4
XOR,2,3,23819,10,9
XOR,4,1,15000,6,4
OR,5,4,23512,10,9
AND,2,2,18577,6,7
NAND,3,1,24940,7,7
AND,5,1,23021,9,9
AND,3,2,19562,6,7
NAND,1,2,19605,9,7
AND,4,1,17617,8,9
AND,5,1,15921,9,6
NOT,3,4,22189,7,3
NOT,5,2,15025,5,4
XOR,4,4,24247,9,4
NOT,5,3,21585,5,3
OR,3,3,24761,5,8
NAND,5,1,24018,10,4
NOT,3,2,15970,5,4
XOR,3,1,24883,8,4
NOT,2,1,18970,9,4
NOT,1,1,23071,6,3
AND,3,3,17360,7,6
OR,5,2,24623,7,9
OR,5,3,20367,9,3
OR,1,2,15233,6,7
XOR,3,1,22962,9,4
NAND,3,3,20910,8,7
NAND,5,2,21972,6,8
NOT,2,1,17430,5,5
NOT,2,4,23349,6,3
OR,3,1,24477,8,7
NAND,2,4,17095,6,6
NAND,4,1,23585,5,3
XOR,1,1,23236,8,5
NAND,1,1,22223,8,6
XOR,1,2,22414,10,7
NAND,4,2,24201,9,6
AND,4,4,18976,5,5
XOR,2,4,16340,5,6
OR,2,1,15031,6,5
AND,1,1,24847,9,5
XOR,1,4,20638,6,4
XOR,2,4,18395,9,5
AND,1,3,19863,9,6
XOR,4,1,24748,9,6
NAND,4,4,16733,5,9
NAND,5,3,24318,5,8
NAND,4,2,23458,6,6
NOT,4,1,21042,8,7
NOT,1,2,20523,9,3
XOR,2,1,24944,9,3
AND,1,1,24247,7,3
AND,4,1,18918,9,4
NOT,5,2,21263,9,4
AND,5,4,21821,5,8
NOT,5,2,15766,6,6
NOT,1,1,20446,9,3
NOT,3,2,21922,6,5
NAND,3,4,15621,9,6
OR,2,3,18538,9,4
XOR,1,4,21531,10,8
AND,1,2,19988,10,5
AND,3,2,20480,9,8
OR,3,1,17165,7,9
OR,3,2,19385,5,9
XOR,3,2,23597,6,8
NOT,3,3,18201,7,7
OR,5,2,23481,5,8
AND,1,1,15826,5,6
XOR,2,3,15196,5,4
AND,1,2,17826,7,6
NOT,3,2,21415,6,3
NOT,1,4,17149,10,6
XOR,1,2,16498,10,5
NOT,3,1,17216,5,6
AND,5,1,16513,9,9
NAND,5,2,24856,8,3
NAND,3,2,24172,8,5
NAND,2,4,19369,10,4
OR,1,2,16075,10,4
NAND,4,4,17816,9,6
AND,4,3,19352,8,5
NOT,2,1,21604,6,4
AND,4,4,15346,6,3
OR,4,2,23081,9,6
NAND,1,3,21776,7,4
AND,1,2,17645,8,5
NAND,1,2,18789,9,8
NAND,3,1,19994,8,9
XOR,3,3,17993,9,5
NAND,3,1,23613,7,6
NOT,1,4,16802,5,9
NOT,5,4,20659,9,3
XOR,3,4,22096,8,9
XOR,3,2,16135,10,8
NOT,1,4,23858,5,3
OR,4,2,20604,5,7
OR,4,1,18240,8,8
NAND,5,3,23566,6,7
AND,5,4,24965,6,8
XOR,5,3,15675,8,8
NAND,3,1,23719,6,3
OR,4,2,19970,10,5
XOR,4,2,17407,5,4
XOR,4,2,20007,6,5
XOR,1,4,21767,8,7
AND,1,4,23916,10,3
NOT,1,1,20958,7,8
XOR,5,1,18501,10,9
OR,1,2,17285,6,3
OR,2,2,22663,7,5
XOR,2,3,16792,9,3
NAND,5,1,15472,5,5
AND,4,4,18607,6,6
AND,3,1,18994,8,5
OR,1,4,22474,9,6
AND,5,3,16072,5,6
XOR,4,3,23429,10,5
XOR,3,1,23081,7,8
NOT,2,2,20296,8,6
XOR,1,1,22725,6,3
AND,5,4,19803,10,6
AND,5,1,18497,8,4
AND,3,4,18691,9,4
NOT,3,1,21773,6,6
NAND,5,3,18905,8,4
NOT,4,1,19535,6,4
NAND,1,3,21395,5,4
XOR,1,2,20402,6,9
AND,5,1,15408,10,8
AND,5,2,19940,10,7
OR,4,4,24000,6,6
NAND,2,1,23182,10,6
AND,2,4,15624,10,6
NOT,1,1,15088,9,8
XOR,3,4,21134,7,8
NAND,4,4,15978,7,7
XOR,5,2,18993,10,8
AND,3,4,24958,10,9
NAND,1,2,18002,8,9
OR,4,1,18697,8,3
XOR,3,3,18900,8,9
NAND,2,1,16490,9,4
XOR,4,4,18078,7,7
AND,5,4,24884,5,3
NOT,2,3,23672,9,3
NAND,2,2,24644,6,6
NAND,3,2,17008,8,7
NOT,2,2,19139,8,5
NAND,5,1,23462,8,7
XOR,5,2,22679,7,7
NOT,4,1,20250,5,4
NAND,4,1,17640,10,4
OR,2,4,21466,6,5
XOR,2,3,20865,5,8
NAND,5,1,19346,10,4
NAND,1,2,19002,5,7
XOR,5,2,17727,8,4
AND,2,1,18933,10,9
AND,4,4,23201,7,7
OR,3,3,15324,5,8
AND,5,2,21281,7,6
NAND,2,3,18461,10,3
NAND,3,3,23323,10,3
XOR,2,1,15443,6,3
OR,2,1,24097,8,4
AND,4,4,22833,6,3
XOR,3,3,24803,5,7
NAND,3,3,15872,5,9
NOT,2,2,19698,10,3
NAND,2,1,19942,5,6
NOT,4,4,22596,5,3
OR,3,1,23602,5,8
AND,2,2,22701,6,4
OR,1,4,19789,6,3
NAND,5,1,22914,8,6
AND,3,2,16296,9,5
AND,1,3,21817,10,7
OR,5,3,16642,7,3
AND,3,4,20209,8,5
XOR,1,2,17329,8,6
OR,1,2,19038,8,7
AND,5,1,22816,6,5
OR,5,1,17134,5,3
NAND,5,2,19124,10,7
OR,3,4,15256,8,6
NOT,3,4,21195,9,7
XOR,4,1,22986,8,3
AND,2,3,18346,5,9
NOT,5,4,21168,10,4
NOT,1,2,20523,10,9
AND,4,4,23946,7,6
OR,5,4,15011,8,5
NAND,5,1,15461,6,4
XOR,4,1,18613,6,4
NOT,2,4,18416,9,5
AND,1,1,17666,7,4
AND,2,2,21461,8,7
NOT,2,3,15477,10,4
AND,4,4,23135,9,7
OR,1,2,18389,6,5
XOR,2,1,19240,8,8
XOR,4,1,24097,10,9
AND,5,2,24104,8,7
NAND,5,3,16127,5,6
OR,3,4,20880,8,5
NOT,1,1,23568,6,8
AND,2,2,23429,8,6
OR,1,3,22325,8,5
OR,5,1,18922,10,6
NAND,3,1,20850,6,3
XOR,1,4,15332,7,9
AND,4,1,21004,5,3
AND,4,4,19023,7,5
NOT,1,4,23105,7,5
NOT,2,3,18985,6,6
NOT,5,1,17716,5,3
XOR,1,2,24065,7,5
OR,1,3,16967,5,3
NOT,3,3,19555,9,9
XOR,2,3,16547,7,3
XOR,4,4,22458,7,4
OR,5,4,16654,6,8
OR,2,4,18909,5,6
NOT,2,2,18003,6,3
NOT,4,4,17488,7,8
AND,2,2,15090,9,8
NAND,1,2,22888,5,9
OR,5,1,17219,8,6
NAND,5,3,21755,7,9
XOR,1,3,19229,5,6
OR,5,3,20375,7,3
NOT,3,1,15501,9,8
OR,5,2,19969,9,8
AND,4,1,18243,10,7
OR,1,3,24757,5,6
OR,2,3,24763,7,6
NOT,5,3,15190,6,9
NAND,1,3,17115,6,6
NOT,5,1,22925,5,7
OR,5,3,18029,10,6
XOR,5,4,24710,8,9
AND,4,4,19699,7,4
NOT,1,3,24074,5,3
NOT,4,1,18171,10,6
NAND,2,2,20407,10,4
NAND,3,2,22141,10,9
NAND,4,3,23080,9,7
OR,4,1,22846,8,9
AND,1,3,22208,6,3
NOT,4,3,22459,10,5
OR,1,3,20094,9,3
AND,5,4,24315,6,6
NOT,2,3,23015,9,6
NAND,2,2,15198,8,6
NOT,3,2,17135,9,7
NAND,3,4,21228,7,3
XOR,5,2,18449,5,5
OR,4,2,24899,10,7
NOT,4,4,17291,6,9
NAND,3,2,20852,5,8
AND,5,4,18400,6,3
AND,5,1,19000,6,8
AND,5,3,24021,6,5
NAND,2,4,21535,5,3
NAND,1,4,19207,7,5
AND,5,3,17171,5,4
NOT,3,2,21395,8,5
OR,4,1,20245,7,6
NOT,3,3,24730,7,7
XOR,1,2,23303,10,8
OR,1,4,22685,5,4
NOT,3,4,17362,9,3
OR,5,1,23329,6,6
OR,4,1,15586,9,5
XOR,2,4,19833,6,8
AND,3,2,16320,6,6
NOT,3,3,20067,8,8
OR,3,4,24304,8,4
NOT,2,3,24278,7,8
OR,4,2,15114,9,9
NAND,5,4,17397,8,5
AND,4,2,21642,8,8
XOR,1,1,19620,7,3
NAND,2,4,20801,7,6
NAND,1,2,24047,9,9
NAND,4,3,19051,7,9
XOR,1,3,18659,7,4
NOT,3,2,21194,9,7
AND,2,3,18633,7,9
NAND,1,4,19480,9,4
AND,4,2,21863,6,5
NOT,4,3,15095,10,6
OR,4,1,19101,9,7
NOT,2,3,23343,5,3
XOR,2,3,23915,7,7
AND,1,2,16803,6,6
XOR,3,2,24705,5,8
OR,3,4,23797,7,5
NAND,1,2,19049,10,4
AND,4,3,19710,8,5
NAND,4,4,23772,8,7
AND,4,2,23039,10,9
OR,3,4,24080,5,4
NAND,5,4,22645,7,9
AND,2,2,18658,7,9
AND,2,1,18043,7,8
NOT,1,2,23107,8,6
OR,2,3,22548,7,5
NOT,3,2,20001,5,4
OR,5,3,24027,5,4
XOR,2,1,20895,7,8
OR,4,4,21427,6,6
OR,2,2,19151,8,6
XOR,4,3,17151,10,3
NAND,1,2,16202,10,5
OR,5,1,21493,5,5
NAND,4,4,21561,6,3
NAND,2,2,17415,8,8
NAND,3,2,21133,6,6
NAND,1,2,24886,5,9
OR,2,2,15604,10,8
NAND,1,2,21289,9,3
AND,1,2,21949,10,9
NAND,5,2,23990,9,4
NOT,5,2,15532,10,8
OR,5,3,23885,10,5
XOR,3,3,21120,9,4
OR,1,3,19719,10,5
OR,5,1,19037,7,3
AND,1,4,20658,7,4
NOT,1,3,21140,6,4
OR,1,4,17446,8,6
NAND,3,4,17976,7,4
NOT,4,1,19891,8,6
OR,1,3,20096,6,5
OR,2,4,19115,10,4
NOT,1,1,15545,8,5
NAND,5,4,24291,10,3
NOT,5,3,23181,6,7
NOT,4,2,18030,7,4
NOT,5,3,20581,10,6
NOT,1,2,20668,9,3
AND,3,2,24637,9,4
NAND,2,1,18694,10,4
OR,3,2,21925,10,3
XOR,2,4,22072,9,9
NOT,3,3,18987,9,3
NAND,5,2,24240,9,8
AND,4,4,17571,7,3
NAND,5,4,24530,6,7
NAND,5,1,17078,8,4
NOT,5,2,17235,5,3
NOT,3,3,19694,7,9
OR,5,2,21947,9,5
OR,3,4,16782,9,5
OR,2,3,15048,6,7
NAND,1,2,17218,6,8
NOT,5,1,24438,10,8
NAND,2,2,18483,5,8
OR,1,3,23482,6,9
OR,1,3,16789,5,9
NAND,5,2,17262,9,9
NAND,2,1,18031,9,9
NAND,3,1,17477,8,3
AND,4,4,21225,9,9
NOT,3,4,15664,9,9
AND,1,2,22309,6,6
XOR,3,1,19170,6,8
XOR,1,3,20098,9,7
NOT,4,4,17409,6,3
AND,5,1,24597,10,5
XOR,3,4,22547,5,4
XOR,4,4,21850,10,8
XOR,4,3,23396,10,8
AND,4,1,16452,9,7
XOR,5,2,16876,6,8
OR,1,1,22677,5,3
NOT,5,3,15613,6,3
XOR,4,2,24249,6,8
NOT,1,4,23994,5,8
AND,2,1,22347,10,5
XOR,1,3,23841,6,5
XOR,4,4,18345,9,4
XOR,3,3,17238,8,4
AND,2,3,17541,8,3
AND,5,2,19404,6,5
AND,5,2,22714,9,4
AND,5,1,22075,5,5
XOR,3,3,18864,10,9
NAND,2,2,20453,5,5
OR,1,3,17717,7,4
XOR,4,4,19874,9,7
AND,2,3,17030,7,7
AND,1,2,15153,10,4
NOT,1,2,21382,9,3
NAND,4,4,23108,7,9
AND,2,1,15124,7,7
AND,4,1,20006,9,6
OR,4,3,21223,9,4
NOT,1,2,17892,5,5
AND,2,4,23685,6,8
XOR,5,2,15445,6,6
XOR,3,2,19493,6,9
NAND,4,3,16912,9,8
NAND,4,2,21114,6,3
NAND,4,3,18163,8,7
NAND,1,2,17443,9,7
NAND,5,3,21865,6,7
XOR,1,3,15492,7,5
AND,3,2,20528,7,9
XOR,5,3,17096,7,4
NOT,3,2,20363,8,6
OR,3,4,19836,8,5
NOT,5,2,17142,7,4
AND,4,3,21019,6,9
NOT,4,2,21258,7,9
NOT,5,1,24496,8,8
AND,1,1,18048,8,7
XOR,4,4,22706,10,9
NAND,4,3,17686,10,6
XOR,3,3,16087,8,3
XOR,2,4,17081,7,3
OR,1,1,19643,7,8
OR,4,3,16644,8,3
XOR,1,2,17125,9,8
NAND,5,2,23119,9,3
NAND,1,1,20348,7,4
OR,3,1,22303,5,5
NAND,2,2,23688,7,7
NAND,1,1,23118,10,4
OR,5,3,17892,10,7
AND,5,3,19800,9,9
NOT,4,4,20974,6,9
XOR,4,4,22135,10,9
NAND,5,1,20880,9,3
AND,2,1,18136,8,6
XOR,3,3,16005,8,5
AND,2,1,23093,8,9
NAND,2,3,15939,8,3
NAND,1,3,23632,9,5
NOT,5,3,23082,7,4
XOR,2,1,24895,8,7
XOR,5,2,15265,10,7
AND,2,2,20024,5,6
NAND,2,2,21520,8,6
AND,4,2,23511,7,4
AND,2,2,16331,7,4
OR,2,3,21789,9,8
AND,2,4,19361,6,9
XOR,1,2,21094,9,6
OR,5,4,23592,8,6
AND,4,4,23304,8,5
AND,1,1,15462,10,6
AND,5,4,15359,9,4
XOR,5,3,24300,9,5
AND,2,2,22563,9,8
NOT,5,1,21906,9,7
OR,4,3,20300,9,5
NAND,2,1,24862,10,5
AND,5,2,18713,10,7
AND,5,3,21568,7,8
NOT,5,4,21634,10,4
AND,3,2,22368,8,3
AND,2,3,18439,9,6
AND,3,2,15864,6,3
AND,1,1,18189,7,6
AND,4,3,21787,10,8
OR,3,1,17097,7,5
XOR,5,3,15938,8,6
NOT,3,1,18464,10,7
NAND,1,3,19315,5,6
NAND,1,1,17043,10,5
NOT,3,2,19298,10,8
XOR,2,2,24489,6,9
NOT,5,3,24360,5,7
NAND,3,1,16067,5,9
XOR,3,1,17248,8,6
NAND,2,1,16762,7,3
XOR,4,1,18613,5,6
NOT,5,4,21999,5,6
NAND,1,3,21439,9,3
NAND,3,1,17324,6,4
NOT,4,1,24069,7,3
XOR,5,2,18826,10,8
NAND,5,1,22300,6,4
NOT,3,4,23108,7,9
AND,3,4,20257,10,3
OR,5,2,21228,6,4
AND,2,1,22520,7,4
NOT,2,4,21029,7,9
NOT,4,2,22493,5,3
XOR,5,3,22176,10,3
NOT,1,3,19044,9,7
NOT,4,3,19596,10,5
OR,5,2,20922,8,6
XOR,3,1,19910,7,7
NAND,5,2,15998,5,6
OR,3,3,24833,9,4
XOR,3,4,23363,7,8
NAND,1,2,23982,7,7
AND,3,2,24622,5,6
OR,3,2,16561,5,9
XOR,5,2,22027,5,5
OR,4,1,19938,5,6
NOT,3,2,15313,5,3
XOR,2,1,16477,9,4
OR,5,1,15730,5,4
NOT,3,2,22569,8,3
OR,4,1,22802,9,3
XOR,5,4,23691,8,9
OR,2,3,16153,8,3
NOT,2,1,23212,9,4
NAND,1,3,15008,10,7
OR,3,2,24479,10,4
NOT,4,3,15401,6,8
OR,5,2,20590,10,9
AND,3,4,21727,5,3
XOR,1,2,23151,5,5
NOT,5,2,16072,10,4
XOR,5,4,21476,9,7
AND,3,3,17585,10,9
AND,4,2,15035,6,8
NOT,3,1,16522,10,9
OR,3,2,17170,6,6
XOR,1,4,19426,10,9
AND,2,3,24024,9,5
NAND,2,1,19105,10,6
AND,5,2,16315,8,7
AND,4,1,18909,7,7
AND,2,4,15663,7,4
NOT,5,3,16274,8,3
AND,2,1,24007,10,3
NAND,2,1,17795,9,9
NAND,5,1,15409,10,8
XOR,2,1,23696,9,6
NAND,5,4,16135,8,3
NOT,5,4,18049,10,3
OR,5,1,16104,9,6
OR,2,3,24032,10,3
XOR,4,2,17179,5,3
NAND,1,3,17016,5,3
AND,1,1,16731,6,8
AND,5,2,19652,10,6
NOT,1,4,17539,9,4
XOR,4,2,19358,9,7
NAND,4,3,24109,9,5
NOT,5,4,17604,8,3
NOT,4,2,21396,8,8
NOT,2,1,24731,8,5
NAND,3,1,16822,10,3
AND,1,3,24774,10,5
OR,4,2,19466,7,5
XOR,1,3,16475,5,6
NAND,5,3,19108,6,4
XOR,4,2,23056,8,3
NAND,2,1,17758,10,8
OR,1,4,22102,5,9
NOT,3,4,16042,9,8
OR,3,3,16036,9,3
NAND,3,3,19494,8,5
NOT,2,2,19165,9,9
XOR,2,3,16467,9,8
OR,3,4,20474,8,6
XOR,1,3,17342,9,4
AND,5,4,19038,6,5
AND,2,3,17877,6,6
OR,3,2,16529,9,8
NOT,5,3,22991,9,8
XOR,1,4,18080,8,6
NOT,4,4,22588,10,3
XOR,5,4,19659,5,7
OR,1,1,17304,8,7
NAND,1,4,15189,5,4
OR,3,2,21334,7,6
NOT,4,4,17015,6,6
NAND,1,4,18628,6,7
AND,2,2,22007,9,5
XOR,3,4,22255,5,9
NAND,2,2,17553,6,4
AND,4,2,17213,8,8
OR,5,3,18143,6,4
AND,3,1,17587,10,6
NOT,4,2,21643,6,7
OR,3,2,23909,9,9
AND,2,3,23313,8,3
OR,1,4,18307,10,4
XOR,4,2,22233,5,5
AND,3,1,22683,9,4
NAND,2,3,18942,7,5
NOT,4,3,16513,5,6
OR,4,1,20001,8,7
XOR,5,3,23767,6,8
NOT,3,4,23255,10,5
OR,2,2,18565,6,9
NOT,1,1,24252,9,5
XOR,2,4,23238,5,8
NOT,4,4,19598,9,5
OR,5,1,23030,7,4
XOR,2,4,16057,6,5
XOR,3,3,21441,6,3
OR,1,2,24793,7,9
NAND,3,1,15539,8,6
NOT,2,4,24505,6,4
AND,2,3,24471,6,5
OR,4,2,17825,10,5
AND,1,2,21395,6,4
NAND,2,3,23112,9,6
OR,4,3,20535,6,3
NAND,3,4,20179,8,5
NAND,5,2,23683,8,5
NAND,4,4,24894,7,6
AND,3,1,24730,10,4
NAND,2,2,15799,5,3
AND,5,2,18692,8,9
XOR,2,2,17564,10,9
NOT,1,2,18273,8,3
OR,2,3,18785,7,3
OR,4,4,15725,10,8
OR,5,3,17624,8,6
XOR,4,3,23514,6,6
NOT,1,1,15930,7,8
AND,2,3,23847,9,9
NAND,2,1,17909,9,3
OR,5,3,19521,10,6
NOT,3,3,24381,5,8
NOT,1,2,22047,9,4
AND,1,4,19090,7,6
NAND,1,2,18670,6,7
NAND,2,2,17518,10,4
NOT,1,3,24832,10,5
NAND,3,4,20751,7,8
OR,3,3,20510,6,9
XOR,1,3,24522,9,4
OR,4,2,22976,8,9
NAND,1,3,20779,10,6
NAND,2,4,20219,10,6
XOR,1,1,19925,8,7
XOR,4,1,19814,8,4
NOT,2,2,16563,5,4
NAND,1,4,23153,5,8
AND,5,4,19406,8,3
AND,1,3,19608,6,8
XOR,5,4,18479,7,5
XOR,4,2,16172,8,8
XOR,1,2,19382,7,7
XOR,5,1,20431,6,7
NAND,3,2,23374,9,7
OR,2,1,20495,6,8
NOT,5,3,21749,9,4
AND,3,2,24294,6,6
AND,4,1,23213,9,9
OR,3,3,20281,7,9
NAND,5,3,16552,8,7
AND,5,2,23179,5,8
AND,2,2,21063,5,7
XOR,4,2,19658,5,3
OR,2,4,23987,5,6
OR,2,2,17114,7,4
NAND,4,1,19871,10,5
AND,5,4,20270,7,7
AND,1,4,21084,10,8
NOT,2,2,18600,6,4
XOR,1,2,16803,7,8
OR,1,2,23742,7,7
OR,2,3,19408,7,8
OR,1,3,22894,10,9
AND,4,3,22553,8,8
AND,5,4,16739,10,4
NAND,1,1,15328,7,3
OR,5,2,18366,7,4
NOT,3,4,21804,6,3
AND,1,1,17400,9,9
OR,3,1,19171,7,5
NAND,3,1,20809,5,7
OR,4,3,24809,7,3
XOR,2,1,22268,8,9
OR,3,1,24165,8,7
NAND,4,4,22888,9,9
AND,2,1,20426,10,6
NOT,3,2,16962,6,4
XOR,5,3,19554,10,4
NAND,5,1,16652,10,5
AND,3,1,16231,5,6
AND,2,1,16025,5,3
AND,2,2,15333,5,6
NAND,4,4,18038,8,9
NOT,1,3,21576,6,5
NOT,1,4,16771,10,8
XOR,5,2,19627,9,7
NAND,3,3,22669,7,8
NAND,1,1,21636,6,3
OR,4,1,24394,6,9
NAND,1,3,19557,6,7
NAND,5,2,24885,6,8
OR,1,1,18979,7,5
OR,2,1,18115,7,7
NOT,1,1,23899,9,7
NOT,3,4,16373,9,3
XOR,2,4,20864,5,9
XOR,1,3,22608,10,3
OR,3,4,18452,8,9
XOR,2,2,23782,10,4
XOR,5,4,17986,5,8
OR,4,1,17488,8,4
NOT,3,2,15181,9,5
NOT,4,1,16336,9,6
XOR,2,3,24338,8,4
NAND,2,1,22004,9,4
AND,3,3,22738,6,6
NOT,5,3,21509,9,6
NOT,5,3,17721,7,9
OR,2,2,22256,6,5
OR,1,4,21559,6,9
OR,1,2,21255,5,9
AND,5,3,17907,6,6
OR,1,4,21733,8,9
NAND,4,1,16578,9,6
NAND,1,4,18773,8,7
OR,5,3,18508,9,4
AND,3,4,21200,5,6
NAND,1,4,22449,10,4
AND,3,1,15396,10,5
NOT,4,2,19994,6,4
NAND,3,2,23825,10,4
AND,5,3,22396,8,4
XOR,5,1,21720,9,4
AND,3,1,20440,9,6
XOR,1,2,15901,10,5
OR,5,2,17185,5,4
AND,5,1,18406,5,4
NAND,1,2,23857,10,7
OR,5,1,18261,5,8
XOR,2,1,18618,8,3
NAND,3,4,24300,6,3
OR,2,4,19761,10,8
XOR,4,3,16918,10,9
XOR,4,2,15746,10,4
NOT,3,3,17563,9,4
OR,5,1,23481,8,5
XOR,1,4,18586,5,5
NAND,1,4,19090,7,3
NAND,5,3,18767,10,7
NAND,5,2,24936,8,4
OR,3,1,17839,8,5
NOT,5,3,17066,6,5
OR,2,1,20586,9,6
OR,1,1,24821,8,8
NAND,5,3,16158,10,5
NAND,2,3,24887,5,6
OR,2,1,16901,10,5
AND,3,1,17984,5,8
NOT,4,1,23180,6,3
NOT,1,1,19827,9,3
NAND,5,1,17946,7,5
NAND,5,2,22291,6,9
XOR,3,3,22102,5,4
OR,4,2,17029,10,3
XOR,3,4,19460,8,7
OR,3,3,20074,10,4
OR,1,1,15939,6,6
NOT,4,1,21177,5,8
XOR,5,4,20470,9,8
NOT,1,3,23476,6,6
OR,5,1,17268,9,6
XOR,3,3,21558,10,6
NAND,5,1,21687,6,6
NAND,2,4,22456,5,9
OR,5,1,16004,6,4
XOR,1,1,24718,8,5
NAND,5,1,20392,10,3
NOT,1,2,15997,6,6
XOR,3,3,21138,6,5
OR,4,3,24216,10,3
XOR,2,2,19645,6,4
NAND,5,1,23453,7,4
AND,3,1,17767,7,9
NAND,1,1,15828,7,7
NOT,3,1,20006,8,3
AND,4,2,22095,10,9
AND,5,4,16727,10,9
XOR,4,2,15121,6,4
XOR,5,2,16262,7,3
OR,4,4,20329,10,8
XOR,1,1,24381,9,3
AND,5,2,19394,6,7
AND,2,2,16071,8,9
XOR,5,3,23762,10,4
XOR,2,1,22150,5,8
OR,2,1,19668,7,4
NAND,2,3,15987,10,5
NAND,1,1,19114,8,3
AND,2,1,24610,5,5
NOT,5,3,15704,10,7
XOR,5,4,20051,10,4
XOR,1,4,18687,10,6
AND,1,2,15938,9,6
NOT,1,2,18919,6,7
AND,4,2,22805,8,3
AND,1,4,24313,9,8
NOT,1,1,20499,9,7
OR,3,2,16789,7,8
NAND,4,3,18282,7,3
AND,2,1,17325,9,7
NAND,5,3,24389,9,8
XOR,4,4,24061,6,6
NOT,3,3,19449,10,5
XOR,2,3,21400,8,9
XOR,1,1,19840,10,5
NOT,1,4,24324,5,4
NOT,3,2,16321,6,9
OR,5,2,21742,7,4
AND,5,4,21450,10,9
XOR,1,3,17645,10,9
OR,4,1,23227,7,8
NAND,2,4,24351,10,4
AND,3,1,23866,8,8
XOR,2,4,22225,6,6
AND,5,3,23470,5,5
NOT,1,2,24959,7,9
OR,1,3,23580,5,6
NAND,1,3,18514,7,6
NOT,2,1,21239,9,6
XOR,5,3,17018,6,9
NOT,3,2,21304,10,3
NAND,4,2,22926,10,9
NAND,4,4,18175,5,6
XOR,4,4,15255,10,7
NAND,1,4,18507,10,6
NAND,3,4,22112,10,4
AND,4,1,17295,9,9
AND,5,3,18870,8,6
NOT,5,4,23075,9,9
NAND,2,2,19842,10,4
NOT,4,3,16858,6,7
OR,1,1,23849,6,9
NAND,2,2,20398,9,6
NAND,4,4,15453,6,3
NOT,4,3,19021,9,9
XOR,2,4,20204,10,7
AND,4,4,22074,9,7
NAND,5,2,20004,6,9
NOT,5,1,18543,8,8
AND,2,3,22161,9,6
XOR,2,3,23364,10,3
XOR,4,3,16773,10,4
OR,3,4,21341,7,7
NOT,3,4,24810,8,5
AND,5,1,18100,7,3
NOT,2,1,16211,5,8
NAND,1,3,17673,6,4
XOR,4,4,18059,7,5
NOT,2,1,22613,5,7
NAND,2,4,23665,9,7
OR,2,4,24723,9,5
NOT,2,4,15329,8,7
AND,1,4,20795,5,4
OR,2,1,24462,7,3
NAND,3,4,17141,6,7
NOT,4,4,21502,5,8
NOT,4,4,20886,9,7
NOT,3,3,20918,10,4
AND,1,3,23167,7,6
AND,1,2,16420,7,6
AND,3,1,19133,10,9
AND,4,2,22835,10,9
NOT,1,4,20060,10,3
AND,5,2,19327,10,7
AND,4,2,15300,9,4
NOT,4,3,18744,9,6
OR,4,3,24478,5,8
XOR,1,4,19375,10,3
AND,4,2,16985,9,6
NAND,2,1,20310,9,5
XOR,2,2,16746,6,3
AND,1,2,24471,5,5
OR,5,4,16491,9,4
NOT,3,2,19863,8,6
XOR,5,1,18083,6,3
OR,1,1,24041,10,3
XOR,1,4,15006,5,8
AND,5,3,24097,5,8
AND,2,3,21591,5,4
NAND,5,4,20233,7,8
XOR,4,3,20071,7,9
NOT,4,4,17671,7,4
OR,4,2,18289,10,4
XOR,3,4,24973,6,4
AND,1,4,21933,10,8
NOT,5,1,20173,8,6
NAND,3,1,23177,7,4
XOR,5,1,16244,9,9
AND,3,3,19004,5,7
NOT,4,1,24855,7,5
NAND,5,1,16048,8,8
NOT,2,2,21882,6,8
OR,2,3,17156,9,8
AND,1,3,18344,6,6
XOR,5,1,20190,8,4
XOR,4,3,21837,10,8
OR,1,2,15475,5,8
AND,5,2,16297,8,6
AND,4,4,24328,9,7
OR,5,3,16260,8,3
NOT,2,1,17821,7,9
XOR,1,4,19134,8,4
OR,3,2,15870,8,3
OR,4,2,20105,6,3
OR,1,3,17050,10,3
NAND,4,3,18509,10,9
NOT,2,3,17258,7,6
OR,2,2,19856,5,4
AND,2,3,18953,9,9
NAND,2,1,20245,10,3
AND,1,3,19676,5,7
XOR,2,3,15702,10,9
NAND,5,3,18170,9,5
AND,2,3,16984,10,6
NAND,5,2,16249,8,4
XOR,5,1,20909,7,6
AND,3,1,18502,9,7
AND,5,2,22675,5,3
OR,1,2,22023,9,4
NAND,2,2,17595,7,4
XOR,5,3,18862,9,8
OR,1,1,15108,8,5
NOT,4,3,20338,9,6
NOT,2,4,22942,9,4
NAND,1,3,23843,6,4
NAND,4,4,18017,7,4
AND,4,1,24992,5,8
XOR,5,1,20960,7,3
NAND,5,4,19655,9,5
NOT,4,4,18636,8,4
AND,3,3,21282,9,7
NOT,4,3,22873,6,4
OR,3,3,19276,9,3
NOT,1,2,17567,5,4
XOR,3,2,23771,9,3
NAND,2,4,19205,8,7
NAND,5,3,19475,8,5
NAND,5,1,24578,5,3
OR,3,2,15996,5,9
AND,3,2,24609,6,6
AND,3,3,15043,5,4
XOR,4,1,19421,6,3
NAND,1,2,24867,10,8
NAND,1,1,17447,10,7
NAND,3,4,16202,7,3
OR,5,2,16930,6,4
NOT,2,4,15008,8,4
OR,3,3,23063,10,8
AND,1,3,17387,9,6
XOR,5,3,20579,5,6
NAND,1,3,18718,9,8
NAND,3,3,20474,9,8
AND,2,1,19307,5,8
NOT,4,4,16616,8,6
XOR,3,4,24284,7,4
AND,3,4,19959,10,5
XOR,2,2,17659,5,8
XOR,2,4,19892,5,6
AND,5,2,20397,9,5
NAND,2,2,17109,9,9
NOT,2,4,24929,6,9
AND,2,1,20484,8,3
NAND,1,4,20505,10,4
NOT,4,1,16136,9,8
AND,3,1,23888,10,3
NAND,4,2,17646,7,7
NOT,5,3,20606,5,3
AND,2,2,16742,9,8
OR,5,2,24365,8,9
AND,2,3,16074,6,8
XOR,4,4,17972,7,8
NAND,5,4,18606,5,7
NAND,3,3,22464,7,3
NOT,3,4,16470,5,3
OR,3,1,18617,10,8
NOT,3,3,23162,9,5
OR,2,2,21408,7,8
AND,5,3,21555,5,3
XOR,3,4,23942,7,7
AND,3,1,17470,8,6
AND,1,3,15182,7,8
OR,3,3,19576,6,9
AND,2,2,21475,8,4
OR,3,3,17975,6,3
OR,2,4,18734,6,4
OR,2,4,24969,9,4
OR,3,3,16498,7,3
AND,2,2,24435,5,6
AND,4,2,22294,9,8
AND,3,2,16659,5,8
NOT,2,1,21429,6,9
OR,3,4,23202,6,6
AND,4,2,17756,9,9
OR,5,1,16285,9,8
XOR,3,4,15744,10,3
AND,4,2,22268,5,3
NOT,5,1,22547,9,4
NAND,2,2,17337,10,6
XOR,5,1,17446,10,4
OR,3,2,20014,7,6
NOT,1,4,22317,6,5
OR,4,3,22528,10,3
OR,3,1,19156,9,6
AND,3,4,19663,8,9
XOR,1,4,19876,8,5
AND,4,2,18762,10,6
XOR,1,1,18693,6,9
OR,3,4,21920,7,4
OR,3,2,19280,7,6
NOT,2,4,18281,8,6
NOT,2,4,15428,10,9
XOR,1,4,19629,5,5
XOR,1,3,18570,7,4
NAND,5,3,21338,10,6
NAND,2,1,24343,10,6
OR,1,1,24975,8,3
NOT,1,1,23212,9,9
OR,5,3,17858,9,9
OR,1,4,24459,8,8
OR,5,4,16167,6,6
XOR,3,4,24359,5,3
XOR,4,2,22406,9,9
OR,4,4,17521,7,3
XOR,5,1,19911,8,3
OR,4,4,17142,8,5
NOT,1,1,20493,6,8
NAND,4,4,17961,9,3
NOT,2,2,19458,5,6
AND,4,3,23943,9,4
NAND,2,1,18758,10,5
NAND,3,1,20005,8,9
OR,3,1,18677,6,6
XOR,4,4,21964,8,3
AND,4,3,16141,10,4
AND,2,2,24335,10,6
AND,5,4,15419,7,5
OR,1,1,18026,10,7
AND,3,3,19520,7,7
NOT,2,4,15535,10,5
NOT,3,2,23074,6,4
NAND,3,1,16279,5,6
NOT,1,3,17615,5,6
NOT,5,3,20020,5,8
NOT,1,1,23873,10,9
AND,3,4,22106,8,4
OR,1,3,24934,5,5
NOT,1,1,23069,6,9
OR,2,2,21371,10,6
NAND,4,4,22005,10,7
OR,2,1,21540,5,3
AND,2,4,18201,9,6
XOR,4,4,21433,5,4
AND,1,4,17125,10,5
OR,2,2,18983,5,7
NOT,1,2,19226,9,7
NAND,5,2,20565,10,5
AND,4,1,21265,7,8
NOT,1,2,18847,7,6
XOR,1,3,20903,10,8
OR,2,1,24176,7,9
XOR,1,2,16835,9,9
XOR,3,1,18969,6,9
XOR,4,1,22980,6,9
AND,3,3,21156,10,5
NAND,1,1,19321,6,5
AND,1,2,23216,6,4
AND,4,4,19031,10,5
NAND,5,1,19129,5,3
AND,2,2,22403,6,4
NOT,2,2,15945,7,4
OR,4,2,20735,5,6
OR,2,2,21102,7,7
XOR,3,2,17708,5,6
OR,1,4,22161,10,9
OR,4,4,19975,5,3
OR,4,1,15090,10,5
NOT,5,2,15352,9,3
AND,3,4,21898,7,6
NAND,5,4,20416,5,7
NAND,2,4,16038,5,3
AND,4,1,17517,9,9
OR,2,3,21418,9,7
AND,4,3,20531,6,4
NOT,1,3,19760,6,9
NOT,3,4,24509,8,3
XOR,4,3,19218,7,5
NOT,3,2,21629,7,5
NOT,1,2,21849,7,5
OR,3,4,24712,8,4
NAND,2,3,19610,6,9
OR,2,1,22210,9,3
XOR,2,4,21453,6,3
NOT,3,4,19846,8,7
NAND,1,4,17143,6,7
OR,1,1,24643,10,3
AND,4,2,19757,7,9
AND,4,1,15022,5,3
AND,5,3,18091,9,4
AND,2,3,15448,7,7
NAND,5,4,20094,7,5
OR,1,1,23511,5,7
XOR,3,4,18867,6,8
NOT,2,2,23654,5,6
OR,5,1,21153,8,4
XOR,4,1,18087,10,6
NOT,5,2,20199,10,5
NOT,2,4,23702,9,3
XOR,4,4,22196,6,8
NAND,2,2,17538,10,6
AND,1,1,24838,8,3
NOT,4,3,15827,8,4
NAND,3,2,15995,8,8
AND,3,1,16121,10,5
NOT,5,3,16516,8,5
XOR,1,1,18266,10,5
AND,5,3,24764,5,5
NOT,4,1,24944,6,4
NAND,5,1,23841,8,8
OR,5,4,21135,6,5
AND,2,4,24968,10,3
AND,3,1,15856,8,4
OR,2,3,23037,5,7
OR,5,4,17665,10,3
XOR,2,4,23425,10,7
AND,4,4,21350,5,7
NOT,2,1,21943,8,6
AND,5,1,23627,9,6
AND,5,4,19450,8,6
AND,5,1,19562,6,9
XOR,4,4,16187,8,3
NAND,2,2,18099,6,3
XOR,4,1,22040,8,8
NAND,1,4,16108,8,6
NAND,3,2,17431,10,9
AND,1,2,21666,5,5
NOT,1,1,19070,5,8
NOT,4,3,15651,5,7
NAND,4,1,23942,7,9
NOT,2,1,22793,6,7
NOT,5,2,22768,7,3
AND,3,4,23481,10,3
XOR,3,2,24022,10,4
NAND,1,4,18527,8,6
NAND,3,3,17351,7,9
XOR,1,3,17376,6,9
OR,2,3,24867,9,5
XOR,2,2,20170,10,7
AND,3,1,24075,9,6
XOR,2,1,18399,7,7
NOT,4,1,15704,7,3
NAND,2,3,19227,10,3
OR,3,3,21236,10,5
NAND,3,3,19881,6,8
AND,1,1,22646,5,5
OR,5,3,24801,7,4
NOT,2,1,22525,8,8
AND,1,3,24207,8,5
NAND,4,2,15212,9,8
NOT,3,4,17614,9,9
OR,2,2,15273,6,5
NAND,2,4,17212,7,6
OR,1,1,16364,5,4
OR,3,4,15027,6,5
NOT,3,3,23344,9,7
AND,5,1,23568,7,9
NOT,3,1,18090,8,7
XOR,5,3,16717,8,5
XOR,1,4,23907,7,9
OR,4,4,15584,7,6
OR,5,2,23464,5,8
OR,4,2,20524,5,4
NAND,2,2,18411,8,3
AND,3,1,20372,6,7
NOT,5,4,23687,6,9
OR,5,4,18705,10,3
NAND,5,3,17459,6,5
AND,3,3,23739,9,5
OR,2,3,23397,8,5
OR,4,1,18090,9,4
XOR,2,3,21127,5,8
OR,3,4,17427,9,5
NOT,4,2,15407,8,7
XOR,5,1,17348,8,7
NOT,4,4,18405,6,5
NAND,4,4,21004,6,4
AND,1,2,15288,7,6
NAND,2,2,24691,6,7
NAND,1,4,22978,9,8
NAND,5,3,19413,7,6
XOR,3,2,24159,10,5
XOR,4,2,16765,9,4
AND,1,2,16195,8,9
OR,4,2,19926,8,4
AND,5,2,22563,5,6
NAND,5,1,22246,10,8
NAND,1,4,18223,5,8
AND,4,3,17619,7,6
OR,4,3,21651,5,5
OR,2,1,24151,5,4
AND,5,1,20496,6,4
AND,2,4,20038,8,5
OR,5,1,16716,9,4
AND,3,2,21021,6,6
XOR,4,3,18412,7,4
OR,4,4,16424,8,3
OR,5,2,23223,5,9
XOR,3,1,19799,5,3
AND,2,1,16107,5,3
OR,3,1,17604,8,6
NAND,3,2,16534,10,9
XOR,1,2,24015,5,6
AND,4,4,21340,5,8
NAND,3,1,19470,7,4
OR,1,1,23569,8,5
OR,4,1,20422,5,3
AND,5,2,17417,9,9
OR,2,2,15131,10,8
AND,5,3,19960,9,3
XOR,4,4,22196,6,6
NOT,3,4,20653,5,4
XOR,2,3,22593,9,8
AND,4,1,21433,8,8
AND,3,1,22269,9,5
AND,5,4,17750,10,8
XOR,1,1,24818,8,6
NAND,1,4,15131,8,4
OR,2,3,20274,6,8
AND,1,3,17395,6,6
XOR,5,4,18733,10,7
NAND,2,3,16327,5,5
OR,4,3,18540,10,3
NAND,2,1,23687,6,7
NOT,4,1,21219,10,8
XOR,5,4,20754,10,3
NOT,4,3,18924,6,8
XOR,1,3,23753,5,9
AND,1,1,21122,8,8
AND,2,2,21516,5,9
NAND,4,4,16313,5,4
NOT,2,4,21702,6,8
NAND,4,3,17330,10,5
OR,1,4,20815,7,4
NOT,5,4,15117,9,3
AND,1,1,24473,9,3
NAND,1,2,19175,5,6
NOT,4,2,19058,8,7
AND,2,4,21537,5,6
NAND,2,4,19894,6,4
NAND,1,2,19882,8,4
NAND,1,4,15727,10,7
AND,5,1,17493,7,5
OR,5,4,22023,9,7
XOR,3,2,23767,9,8
AND,5,1,18483,7,9
OR,1,2,24370,9,6
XOR,1,2,22172,6,6
XOR,3,2,16940,10,7
NAND,2,2,16844,5,6
OR,4,2,23393,5,9
NAND,4,1,24842,5,9
OR,2,1,23764,9,3
OR,2,2,15098,9,6
NOT,3,3,24998,10,6
NOT,5,3,20131,10,7
OR,2,2,24301,10,6
XOR,5,1,18254,8,7
NAND,1,1,24079,10,5
AND,3,4,23147,6,5
NOT,5,3,20417,8,4
NOT,2,2,22288,7,7
NAND,5,4,16039,8,5
NOT,3,2,21706,7,7
NAND,4,1,18112,10,7
OR,2,4,24783,5,4
NAND,5,3,21174,10,3
XOR,5,4,20186,6,6
OR,4,4,15629,6,7
NOT,4,2,20775,7,4
OR,2,4,15237,10,9
AND,3,4,18101,10,4
AND,5,4,20616,10,6
OR,3,3,15893,10,3
OR,4,4,21697,9,4
AND,5,3,15704,5,7
XOR,2,1,19733,10,3
NOT,2,4,22956,5,8
XOR,4,1,21843,7,3
OR,4,1,15199,10,4
NOT,5,2,17143,6,9
XOR,5,3,18057,8,3
OR,2,2,22634,9,4
NOT,4,1,23103,8,9
XOR,1,2,19570,7,7
OR,3,4,19610,7,5
NOT,5,3,24195,10,5
OR,1,1,21659,9,7
AND,3,1,20647,6,3
OR,2,4,20904,7,8
AND,4,1,18039,10,3
AND,4,3,23133,8,3
NAND,2,4,17081,5,5
XOR,4,4,22624,10,3
OR,2,1,23345,8,3
OR,4,3,21901,10,3
OR,2,1,17035,10,3
XOR,3,2,23747,9,3
NAND,2,4,21902,7,8
NOT,1,2,17271,9,4
NAND,2,2,21959,6,7
AND,5,4,23324,8,4
OR,5,1,21679,8,5
XOR,5,3,17609,5,6
OR,1,1,16631,6,6
OR,1,3,24056,6,7
NOT,2,4,20592,7,4
XOR,2,3,19382,5,4
AND,5,4,15454,5,6
NAND,3,4,15544,5,7
NOT,1,2,15743,5,3
NOT,3,2,24460,5,4
NAND,5,1,18232,6,3
OR,4,3,19044,8,8
AND,5,2,21634,7,9
XOR,2,3,20051,8,8
NAND,1,1,18904,7,5
XOR,2,2,18948,7,8
NAND,5,4,21124,7,5
AND,5,1,21280,8,5
NOT,3,2,16017,7,7
NOT,1,3,15234,8,3
XOR,1,1,15111,9,6
XOR,2,3,23882,8,7
NOT,5,1,22612,6,8
OR,4,3,15832,9,5
AND,3,2,17310,8,5
AND,1,3,22565,8,7
NAND,4,2,21617,7,9
XOR,4,1,22530,5,9
XOR,4,1,21802,9,4
AND,4,3,17660,7,4
NAND,4,3,24163,5,7
AND,1,1,15199,6,8
AND,5,1,23887,9,4
XOR,4,1,24036,9,6
NAND,4,1,24296,10,7
NAND,1,3,15115,9,5
NOT,3,2,17806,8,6
NAND,5,4,18841,7,5
XOR,4,1,18445,8,6
NOT,3,3,22600,6,9
XOR,5,4,20124,5,6
AND,1,3,16863,5,5
NOT,2,3,15096,6,4
NAND,3,1,22090,6,7
XOR,5,2,24659,9,6
NAND,2,4,20867,7,6
OR,5,3,20068,9,5
AND,4,3,24429,9,6
NOT,3,4,19313,8,5
NOT,4,4,20380,5,9
AND,2,3,15312,9,8
AND,1,4,18790,6,8
NOT,3,1,23593,7,5
XOR,1,3,24529,8,8
NAND,1,2,20877,6,5
XOR,3,2,24404,9,5
OR,2,3,19440,5,3
NOT,5,1,15923,5,4
XOR,2,2,15926,9,5
OR,4,2,24709,10,3
AND,1,1,16845,10,4
NOT,2,1,24066,9,4
XOR,5,1,22659,6,4
NOT,3,4,23693,9,7
AND,2,2,15673,9,7
NOT,1,2,20973,9,9
XOR,2,2,16227,10,6
NAND,2,4,15350,9,6
NAND,4,1,20801,5,3
AND,2,4,24634,7,8
NAND,4,2,22892,7,5
OR,3,3,19482,5,5
XOR,3,4,20628,7,6
NAND,2,1,17933,8,3
OR,1,4,21084,8,4
AND,5,2,21661,5,9
NAND,4,3,20112,8,3
NAND,1,3,21843,5,5
OR,1,2,24055,9,8
NAND,4,2,18861,7,8
OR,4,3,20759,8,7
NAND,5,4,24605,9,4
XOR,5,3,21747,10,9
OR,3,3,24749,9,7
OR,2,3,17408,10,6
AND,3,4,16489,5,7
NOT,2,2,24074,7,8
NAND,3,3,15253,8,3
AND,1,2,22139,10,8
OR,4,4,22805,7,7
XOR,4,1,24567,8,9
NAND,1,4,19219,5,9
NAND,3,3,21139,6,5
AND,2,4,22440,5,7
OR,4,1,21518,6,8
NOT,4,4,21488,9,8
NOT,1,4,20655,5,3
XOR,5,1,22246,9,5
XOR,1,2,22376,5,9
NOT,5,3,19448,10,8
OR,2,4,24789,8,8
OR,1,3,23636,10,9
NOT,3,1,21254,6,5
NOT,4,1,16436,6,5
OR,5,3,17449,7,4
OR,3,2,24251,10,6
NOT,2,4,20215,6,9
XOR,2,2,20117,5,9
NAND,2,2,18139,5,8
XOR,5,2,19370,9,5
AND,4,2,24802,6,4
NAND,3,4,15898,8,4
OR,2,2,18904,10,8
NAND,5,3,17321,10,3
OR,4,2,17336,10,8
AND,4,3,18770,7,3
AND,4,4,17835,5,4
AND,3,1,18497,8,9
OR,4,4,19181,5,5
NAND,1,2,16139,5,3
AND,5,4,21078,9,7
AND,3,2,17512,10,9
NOT,2,3,17564,10,6
XOR,3,4,20862,9,5
NOT,1,3,21931,8,4
OR,2,1,24230,6,6
NAND,3,3,20704,8,5
XOR,4,3,19782,7,8
OR,4,3,17733,7,3
NAND,3,3,21773,5,4
OR,5,1,15882,5,7
AND,4,3,23393,8,7
NOT,2,3,15933,8,3
AND,5,3,15098,9,7
XOR,1,1,18762,8,7
NOT,4,3,24042,6,4
NOT,1,1,24680,5,8
XOR,2,4,16927,5,9
OR,2,1,15567,6,9
NAND,5,3,16813,7,8
NAND,3,4,24643,7,4
NAND,2,2,21910,8,9
AND,5,3,21395,9,4
NOT,2,4,23942,5,4
XOR,4,1,22326,8,8
NAND,5,1,20907,9,7
XOR,4,1,16388,5,9
AND,2,4,20735,9,3
XOR,4,4,20101,8,6
NAND,1,3,21367,8,5
OR,1,1,19032,6,9
NOT,5,4,22280,9,5
XOR,3,3,22357,7,3
XOR,3,3,19432,9,6
XOR,1,2,23498,7,5
NAND,5,4,16083,6,3
NAND,5,2,20565,9,7
OR,5,2,22693,5,3
OR,2,1,24452,9,6
NAND,3,3,21446,8,9
AND,5,1,24333,7,7
NOT,1,2,24010,10,8
AND,1,4,15564,10,5
AND,1,2,22707,8,9
NOT,3,2,17523,8,5
XOR,4,1,19348,5,7
OR,5,3,24978,10,4
NOT,2,4,18387,10,6
NOT,4,2,16204,10,6
XOR,3,3,18808,5,3
AND,5,3,23325,6,7
AND,1,3,17310,10,5
AND,4,1,23197,10,5
XOR,3,3,20958,5,8
NAND,5,4,19709,9,5
NOT,1,1,20706,8,7
NOT,1,4,23543,9,9
NOT,1,3,22974,6,7
NAND,5,4,24560,10,6
NOT,4,2,24298,8,3
NOT,3,1,23410,5,9
AND,1,1,16364,10,9
AND,1,2,19292,9,3
OR,2,3,16545,10,3
NAND,5,4,15818,10,4
AND,3,4,15727,10,8
OR,3,4,16627,10,3
NAND,5,4,18106,7,7
NAND,5,1,15393,10,5
AND,5,1,17862,8,3
XOR,3,4,19453,8,9
OR,3,1,23572,10,4
NOT,3,3,19327,10,4
NOT,5,2,24474,8,4
AND,1,3,15092,8,5
OR,4,4,17735,7,7
NOT,5,1,15233,8,8
NOT,2,1,20059,9,5
NAND,4,2,19324,8,8
OR,4,3,20425,8,7
NAND,1,4,19379,6,8
NAND,2,3,21509,8,4
NOT,2,3,17020,8,5
XOR,3,4,24624,8,5
NOT,4,1,23422,8,4
XOR,4,4,18735,9,6
OR,3,1,18445,7,7
OR,4,3,19536,8,9
NOT,4,1,20931,6,5
NOT,1,4,21983,10,6
NAND,1,4,18817,8,4
NAND,4,2,17538,9,9
AND,3,4,23276,10,3
OR,1,1,24508,10,7
XOR,2,4,17655,10,5
OR,2,1,23768,9,9
AND,5,2,16132,6,6
AND,4,4,20155,6,4
NAND,3,3,17452,5,6
NAND,2,2,22111,9,9
NOT,3,3,22890,5,9
NOT,5,2,19951,5,6
OR,2,1,17281,9,3
NOT,5,4,18720,9,3
OR,5,4,18020,9,9
XOR,4,2,22771,5,7
XOR,2,3,18252,8,4
AND,3,2,19196,6,7
AND,5,3,16519,6,8
NAND,2,4,17251,9,5
OR,1,2,18575,5,7
NOT,4,2,17247,9,6
NAND,3,4,23134,6,9
NAND,5,2,18897,6,4
NAND,2,2,24891,6,5
NOT,2,1,23899,7,5
AND,4,1,18088,6,5
AND,4,3,23446,6,5
NOT,4,4,20807,5,9
NOT,3,3,20667,7,3
NAND,5,1,15454,10,8
NOT,5,1,17973,5,8
NAND,5,2,19628,7,3
OR,4,3,15388,8,5
NOT,1,4,16843,10,8
NOT,1,3,23543,6,9
XOR,1,3,20053,10,3
NAND,2,1,22277,5,7
NAND,3,3,16017,6,5
OR,4,1,22137,7,6
XOR,2,2,18340,9,6
NOT,4,2,22353,9,4
XOR,5,1,17700,9,6
OR,2,4,16863,6,6
AND,3,1,23107,9,9
XOR,3,2,21185,8,4
AND,3,4,19634,7,7
XOR,2,3,17589,10,5
NAND,2,4,22717,9,6
OR,1,3,20926,6,6
NOT,2,3,19120,5,7
NAND,3,1,22267,6,8
NAND,1,1,16100,6,9
AND,2,1,24568,7,4
NAND,1,3,21168,9,6
XOR,1,3,20622,5,5
NOT,1,3,20941,5,7
NOT,2,1,16782,7,7
NAND,2,1,15935,8,4
OR,1,3,24781,7,9
NAND,3,4,21114,10,4
NOT,3,4,15320,5,8
AND,3,3,18494,5,6
NOT,5,4,17132,9,4
XOR,1,3,19385,5,6
XOR,5,2,15519,8,8
XOR,2,1,24908,7,8
AND,1,2,23046,10,9
OR,5,1,15244,10,7
AND,2,1,16832,7,9
NAND,5,4,21755,9,6
XOR,2,2,23166,10,7
OR,3,1,21575,7,7
OR,1,2,18345,9,3
NOT,1,1,16019,10,8
OR,2,1,20391,7,6
NOT,3,3,17238,8,5
OR,1,4,24352,8,4
AND,2,4,17530,7,7
XOR,3,2,17265,10,5
AND,4,3,21099,6,7
OR,2,4,21196,5,3
NAND,3,3,24374,7,3
NAND,4,2,16526,6,8
AND,3,4,15162,7,3
NAND,5,4,16557,7,4
OR,4,2,18613,5,4
OR,5,2,23933,7,5
AND,2,1,17375,9,5
OR,4,4,24120,9,5
NOT,1,1,22305,8,9
XOR,5,4,17214,7,9
XOR,5,3,18514,9,4
XOR,4,1,23403,10,4
AND,3,2,22859,6,9
AND,2,1,15182,6,3
NAND,5,4,16117,5,6
OR,4,3,24238,6,7
XOR,2,3,16869,5,4
NOT,3,1,17732,9,8
OR,4,1,15304,7,5
NOT,4,2,22850,9,8
XOR,4,4,22446,8,5
XOR,5,4,18614,5,5
XOR,2,1,15798,5,3
OR,1,4,24660,5,9
XOR,3,2,20471,7,9
OR,2,4,21909,9,3
NOT,3,4,21613,7,7
NOT,5,4,16610,7,5
XOR,4,3,15725,9,5
XOR,5,1,22796,8,3
NOT,1,2,16959,10,4
XOR,1,2,15030,6,5
NAND,5,3,16646,7,3
AND,5,4,22393,8,8
XOR,1,1,19963,5,4
OR,1,4,16193,7,8
NOT,3,2,15274,8,3
NAND,5,3,18681,5,6
OR,5,4,23967,8,8
OR,4,2,20415,9,5
XOR,1,4,19523,5,4
OR,1,3,22902,6,8
NOT,2,1,20791,6,7
NAND,2,2,18065,9,6
XOR,1,2,17128,9,3
OR,5,4,18525,7,5
AND,1,1,21704,10,3
NAND,3,3,15055,8,5
NAND,2,1,24470,10,8
NOT,3,4,18077,8,4
NAND,2,4,24787,5,9
AND,1,3,17926,6,9
XOR,1,4,16699,7,3
XOR,5,3,20603,8,3
AND,1,3,21630,5,4
NOT,3,2,17381,8,8
OR,2,2,22388,9,8
XOR,1,4,18634,10,5
AND,5,3,22038,5,3
AND,4,2,16452,7,7
XOR,3,1,22532,5,4
NOT,5,4,22657,9,8
AND,5,1,20962,7,8
NAND,5,1,15330,8,4
XOR,3,2,23244,10,5
XOR,4,3,23174,10,7
NAND,2,2,24517,5,5
AND,1,2,19836,6,9
NAND,5,3,24665,8,4
OR,3,4,17400,6,8
XOR,3,3,16335,5,4
NAND,4,4,20144,7,3
XOR,5,1,22660,10,3
XOR,4,3,22516,9,3
NOT,1,1,17318,5,4
AND,5,3,19516,10,6
XOR,4,1,21613,10,9
NOT,3,4,16140,7,3
XOR,1,2,23041,8,9
NAND,4,4,24334,9,7
OR,4,1,17440,7,5
NOT,5,1,21995,9,8
OR,1,4,17148,8,7
NOT,3,1,17827,9,9
OR,5,4,18602,9,6
AND,2,4,23973,9,9
NOT,1,1,18992,8,8
AND,1,3,22042,6,4
NAND,5,1,24643,7,7
AND,4,2,20310,9,8
AND,3,3,15906,7,4
NOT,1,1,15909,10,9
NOT,1,2,20154,9,3
NAND,5,1,20229,8,6
AND,3,1,18225,9,7
NOT,5,2,15844,10,3
NAND,2,4,15544,6,3
NOT,3,2,23554,6,4
AND,4,4,21971,10,4
OR,3,2,20312,6,8
OR,3,2,16007,7,8
AND,5,3,15575,6,8
OR,3,4,15220,9,8
XOR,2,1,16666,10,9
XOR,3,2,19442,6,7
OR,3,2,15592,8,5
XOR,2,3,15858,8,9
OR,3,1,24395,9,5
OR,5,1,16703,7,9
NOT,2,3,16688,10,3
NOT,1,4,21156,8,4
NOT,2,2,24643,7,4
AND,2,2,20885,10,3
XOR,1,4,22259,9,5
OR,5,3,17333,6,5
AND,2,4,19732,8,6
OR,4,3,23179,6,3
OR,1,1,21466,7,8
NOT,4,3,17634,10,4
OR,3,4,24728,6,5
NOT,1,2,22566,6,7
NAND,4,2,23073,5,3
AND,2,1,18618,7,3
NAND,1,3,16707,9,8
AND,3,3,19829,8,8
AND,3,2,24093,10,9
XOR,5,4,16363,7,5
AND,2,3,18665,5,6
OR,4,3,17774,10,4
AND,2,2,21790,5,9
XOR,3,2,19221,5,5
AND,2,2,15910,5,3
OR,3,2,21668,6,8
OR,2,2,21477,5,4
OR,3,3,20818,8,3
NOT,2,3,16691,8,9
NAND,2,3,17531,6,9
NOT,3,1,15876,7,6
AND,2,3,21545,10,5
XOR,3,1,16572,6,9
NOT,4,4,20947,10,3
AND,2,1,16798,8,6
NAND,3,4,21372,8,3
AND,4,3,15036,6,4
XOR,5,2,18759,10,7
OR,4,3,16113,10,6
NOT,5,1,15520,7,3
OR,4,4,22392,10,5
AND,5,3,24348,10,7
NAND,1,3,24333,6,7
NOT,4,3,20491,6,9
NOT,3,2,15569,8,4
NAND,4,4,15811,10,9
OR,3,2,18555,10,6
XOR,2,1,15703,8,5
NOT,1,4,17562,10,3
NOT,5,2,24694,5,9
NAND,2,2,23894,9,7
NAND,1,4,23956,10,5
XOR,1,3,23522,7,7
OR,3,2,19318,9,5
NAND,4,3,21856,9,3
AND,3,3,21822,10,4
AND,2,1,19784,5,4
NOT,1,1,18149,6,9
NOT,5,1,24345,6,5
NAND,5,2,17113,8,8
NAND,1,3,23797,5,3
AND,4,2,24508,10,5
AND,2,2,15328,8,6
NAND,2,1,15630,8,9
NAND,5,4,16984,6,6
NOT,3,4,22252,6,3
NAND,5,4,23292,10,8
OR,3,1,16188,6,7
NOT,5,1,15019,8,5
OR,5,2,22857,7,6
NAND,1,4,17337,7,3
AND,1,1,22201,10,3
AND,5,2,16777,6,4
OR,5,1,23903,10,4
XOR,2,1,15541,9,5
XOR,3,3,22599,5,5
NOT,1,4,23484,8,4
XOR,2,1,24403,9,8
AND,3,1,20731,9,9
AND,2,4,18007,10,8
OR,2,3,16200,5,9
AND,5,3,22592,7,8
XOR,4,4,19798,6,8
NAND,5,2,15968,9,4
OR,3,2,17647,8,3
XOR,3,2,20158,5,7
XOR,2,2,23391,5,5
NOT,5,4,23198,9,5
AND,5,2,18959,7,6
NAND,2,4,17700,5,7
OR,5,3,18030,9,3
NAND,4,4,18540,9,9
NOT,3,2,21850,7,4
NAND,2,1,15298,5,5
NAND,1,4,24846,6,3
NAND,4,4,19905,8,8
NAND,4,1,19538,9,8
XOR,3,3,19210,5,6
XOR,1,1,16103,5,5
OR,4,4,22746,7,9
NAND,2,2,15152,8,6
NAND,5,3,15116,7,3
AND,4,3,24174,9,5
AND,1,4,20751,6,4
XOR,5,2,24062,5,4
NOT,3,4,17094,8,8
OR,2,4,22072,10,9
NOT,2,4,17431,7,3
XOR,1,2,22780,10,3
OR,1,2,23601,8,5
NOT,1,2,16242,7,3
OR,1,3,18688,9,6
NAND,4,4,22812,6,6
OR,2,3,21499,6,7
NAND,3,3,15473,8,7
OR,4,4,21019,10,3
AND,3,4,15868,7,6
OR,3,3,20062,9,3
NAND,3,4,18091,9,4
OR,5,1,23902,5,6
NOT,4,4,19547,10,7
OR,4,3,20585,9,4
NOT,2,1,17285,6,6
XOR,1,1,16593,6,3
AND,5,4,23856,7,8
NAND,4,1,16843,5,5
NAND,4,3,24070,6,5
AND,5,4,20747,10,6
NAND,5,4,16478,5,9
NAND,2,1,21384,10,8
AND,4,3,18910,7,6
XOR,5,1,20223,7,4
AND,5,4,20777,7,9
XOR,3,4,20283,6,4
NOT,5,4,24287,9,9
OR,5,2,16184,5,5
NAND,3,4,16856,10,6
XOR,2,3,19706,6,7
XOR,3,2,16658,9,3
NAND,3,1,20460,9,5
NAND,2,1,17359,5,4
NAND,4,1,20257,8,8
NAND,4,3,24056,10,6
OR,4,2,23553,10,7
NOT,5,4,17128,8,7
AND,2,1,15207,7,6
NAND,4,3,15883,9,5
AND,1,1,16256,8,5
XOR,1,3,16609,8,7
AND,4,3,15705,7,8
NOT,2,1,19275,8,5
NOT,4,2,23405,6,3
NAND,1,3,16913,5,3
OR,3,4,18942,6,3
XOR,1,4,17268,8,9
AND,2,3,23256,5,6
OR,4,3,22548,6,6
AND,4,3,24534,5,3
XOR,1,2,23337,10,6
OR,2,4,22865,8,4
NAND,1,3,20198,9,5
NAND,5,4,23122,7,6
NAND,2,1,15097,7,7
XOR,2,3,17094,10,8
NOT,1,3,20908,6,9
OR,3,3,18052,9,9
XOR,1,1,16105,9,7
NAND,3,1,21109,9,7
XOR,1,1,19929,9,4
NAND,4,2,22565,5,9
XOR,5,1,23729,7,5
NAND,3,4,20274,7,7
OR,1,1,17325,10,9
XOR,4,3,15948,10,7
NAND,2,3,23380,8,8
NAND,4,3,24103,5,8
NOT,4,3,21144,10,6
AND,1,2,24414,8,6
AND,1,4,24586,7,5
NAND,5,3,19076,10,3
AND,2,4,22412,5,6
NOT,5,2,20449,6,4
XOR,4,1,21633,8,7
OR,2,1,21899,5,8
AND,5,4,20219,5,6
XOR,1,1,20186,5,3
NOT,5,2,19475,5,4
AND,2,1,16442,5,7
XOR,2,1,24789,5,5
OR,5,4,19890,9,6
NAND,4,2,22477,6,8
OR,5,4,18450,5,9
XOR,3,1,24260,5,5
XOR,3,3,24937,5,5
NAND,3,1,21225,5,5
NOT,1,1,20929,8,6
NAND,2,1,21630,10,3
AND,3,4,17735,8,6
AND,5,3,17342,7,7
NOT,2,3,21098,8,3
NOT,3,4,24153,9,7
XOR,1,1,23163,9,7
OR,3,2,18736,10,7
XOR,3,3,21175,7,6
NAND,2,1,17902,8,6
OR,4,1,18369,10,3
XOR,3,1,19393,5,3
AND,2,2,16368,7,9
AND,1,3,22682,5,4
NAND,3,4,24042,8,5
XOR,1,4,22450,7,8
OR,2,1,23980,6,3
OR,4,1,21045,5,7
OR,5,1,21488,7,5
OR,4,1,16872,5,6
NOT,3,4,23485,5,5
AND,2,1,23643,10,6
XOR,2,3,19855,9,5
NAND,3,4,19804,7,5
XOR,4,4,17590,9,8
NAND,4,4,21025,9,6
OR,5,1,15082,6,5
XOR,1,3,19999,7,5
OR,5,4,20589,10,5
XOR,3,4,23547,9,4
OR,2,4,19831,10,6
AND,5,4,24530,7,8
NOT,4,2,20840,7,5
NAND,4,2,17971,10,4
XOR,5,2,16072,5,8
AND,4,4,19227,7,7
NAND,5,3,19214,5,3
XOR,2,1,22549,7,9
XOR,4,4,15517,10,5
AND,5,2,21738,10,4
AND,2,1,17449,5,9
NOT,5,1,17412,10,8
XOR,1,3,22763,6,9
OR,2,3,21998,7,7
NOT,1,3,22242,10,3
NAND,3,2,22136,10,4
XOR,2,2,18394,8,3
XOR,2,1,17413,5,7
OR,5,4,20918,7,7
OR,5,4,19662,9,7
NOT,5,3,20656,7,9
OR,1,3,16580,6,6
OR,4,2,19667,6,9
NAND,4,4,20751,5,7
NAND,3,3,22323,10,9
OR,3,4,18414,8,6
XOR,2,1,20201,5,4
NAND,5,4,15881,10,4
NAND,4,2,20675,9,5
XOR,4,4,21850,10,9
AND,3,3,18232,7,6
XOR,2,2,15700,7,6
NAND,3,2,21387,7,3
XOR,4,4,19585,8,3
NOT,1,3,24966,6,3
OR,4,3,22166,8,5
XOR,2,4,22148,5,5
NAND,2,4,18906,6,9
XOR,1,4,15764,8,4
AND,4,2,17162,8,9
XOR,5,3,18506,10,7
AND,4,4,22818,10,7
NOT,2,2,17620,9,8
XOR,1,2,17007,8,4
OR,1,4,20850,7,8
OR,2,2,22233,9,9
NOT,3,2,24978,7,8
AND,4,4,19654,8,6
NAND,2,3,21968,10,8
AND,3,4,23177,9,7
OR,3,2,19081,8,4
AND,4,3,23180,10,9
OR,2,3,15777,10,6
NAND,5,4,15140,7,5
NOT,2,1,21647,10,8
OR,5,3,24157,8,8
NOT,2,4,15348,10,6
NOT,1,2,23168,9,9
OR,1,2,21394,7,6
AND,4,1,19802,8,7
AND,3,2,17306,6,3
AND,2,1,17235,10,9
XOR,2,2,24234,10,6
OR,5,3,15300,9,5
NOT,2,2,19364,6,7
AND,4,4,15151,9,5
XOR,5,4,22263,7,6
NAND,4,3,15390,7,4
AND,4,2,17001,10,3
NAND,5,4,24657,7,5
NOT,4,4,16312,6,9
XOR,3,2,23857,9,7
AND,5,2,24996,7,8
NAND,3,3,20212,5,8
NAND,3,3,18412,9,6
AND,2,3,17772,5,8
XOR,3,4,18666,5,3
NAND,1,4,15192,9,9
OR,3,2,20060,10,5
OR,4,4,16748,6,6
OR,4,2,18991,9,7
NAND,2,2,16958,5,4
NOT,3,2,21524,8,8
OR,2,1,24624,6,7
XOR,3,3,15280,8,8
NAND,5,3,16563,9,9
NOT,4,1,22226,8,7
OR,5,3,19225,5,8
AND,4,4,20019,7,6
NOT,3,3,22356,10,9
OR,3,4,24967,9,7
AND,5,3,22324,6,8
XOR,1,3,18457,9,4
NOT,5,1,16215,6,8
NAND,1,4,23126,10,7
NOT,3,2,21619,7,6
NAND,1,3,15032,5,4
AND,5,1,15906,5,9
OR,1,1,18252,6,8
NAND,5,3,18857,9,3
OR,3,2,24262,9,5
AND,4,2,21881,10,3
NAND,4,1,19597,6,9
AND,2,1,18537,7,6
NOT,5,2,24436,7,9
XOR,5,2,15395,8,5
XOR,2,3,23255,6,3
OR,5,2,16075,8,8
NOT,2,2,19675,7,4
NOT,4,3,21174,8,9
OR,4,3,16177,7,9
NOT,2,4,19267,8,6
AND,5,1,22452,5,8
NAND,5,1,15910,7,4
NOT,1,3,17750,10,8
NAND,4,2,17024,9,7
NOT,1,4,15643,6,5
NAND,3,4,24613,6,7
NOT,3,1,15867,8,5
NOT,4,3,17412,10,5
OR,3,3,22527,7,3
OR,2,2,22542,10,5
OR,2,2,24465,6,7
OR,5,2,19491,9,5
OR,5,1,17886,9,6
NOT,3,3,24102,6,4
XOR,5,3,24063,9,9
OR,3,4,19074,10,5
OR,4,1,22495,9,6
OR,3,3,15107,8,7
AND,4,3,24892,9,5
NAND,3,4,22019,5,9
XOR,4,4,17340,9,3
NOT,2,2,15019,7,4
AND,5,3,18883,5,8
OR,5,2,23604,8,7
OR,3,4,24739,5,7
NOT,3,4,23201,6,9
NOT,4,1,23749,10,3
NAND,5,4,16212,7,8
NAND,3,2,24172,5,8
AND,3,3,21433,10,5
XOR,3,4,19840,9,9
AND,5,1,21964,6,5
XOR,1,1,15522,9,8
OR,3,4,15273,6,9
AND,5,4,22425,6,8
NAND,4,3,24600,8,6
NOT,4,1,21115,5,9
NAND,3,2,23613,6,3
NOT,5,3,23265,8,5
NOT,4,2,18294,10,6
XOR,2,1,18818,5,7
OR,4,2,15022,7,7
NOT,5,3,22510,7,3
OR,5,2,19759,9,3
NOT,5,3,24043,9,6
AND,1,2,23126,5,7
NOT,3,1,19192,7,7
NAND,5,4,19901,9,8
XOR,3,4,19715,8,3
AND,4,3,24837,9,9
OR,4,2,15672,8,5
OR,1,3,24915,7,5
OR,5,4,24810,5,4
OR,4,3,18687,9,3
NOT,3,2,19816,7,4
OR,2,1,19131,9,4
AND,1,4,22525,6,9
NAND,2,4,24116,6,9
XOR,3,3,21213,6,3
NAND,5,2,19863,6,4
OR,2,2,16777,8,8
NOT,4,2,16721,8,7
NOT,1,1,16284,6,7
NOT,4,2,18532,10,9
XOR,1,3,18741,9,7
AND,2,3,18519,5,7
AND,3,4,20058,6,7
NAND,4,3,21169,6,7
NOT,5,4,19443,10,6
NAND,5,1,20835,8,5
NOT,5,2,15162,7,9
XOR,3,2,16978,7,9
NOT,5,2,17212,6,4
NOT,5,4,17102,7,4
NAND,3,3,15312,9,5
NAND,1,3,17487,8,4
XOR,3,2,15370,7,6
AND,3,3,22814,9,7
NAND,3,2,20956,5,6
NOT,4,3,23794,6,6
AND,5,1,17809,10,8
NAND,4,3,17156,7,9
NAND,4,3,17058,10,3
NAND,1,4,19030,9,4
NOT,5,3,23920,6,4
NOT,1,2,19339,5,7
XOR,4,2,21886,10,5
XOR,1,3,21979,9,4
XOR,4,3,17563,6,4
XOR,1,1,18067,9,9
OR,5,2,19539,9,7
AND,4,3,19579,6,4
OR,1,1,15897,5,9
XOR,5,1,19788,5,8
OR,2,1,20477,7,8
AND,3,3,17294,10,9
AND,5,2,20291,10,6
OR,5,2,24677,5,7
XOR,2,1,16601,8,6
XOR,3,3,16401,10,4
NOT,1,3,19118,5,9
OR,2,4,15184,8,4
NAND,1,4,18643,7,7
XOR,3,2,17636,7,5
OR,5,2,21980,7,8
NAND,5,3,24679,7,7
XOR,2,3,20424,5,9
AND,2,3,24170,8,5
OR,4,4,20014,7,4
OR,3,1,16282,6,3
NAND,5,4,20752,10,6
OR,3,2,21444,6,7
XOR,4,4,21179,8,5
NOT,5,2,24096,7,9
OR,1,3,24756,7,4
AND,4,4,24674,9,8
OR,1,1,20865,6,3
AND,1,4,18629,9,4
NOT,1,3,19657,8,3
NAND,1,3,17393,10,9
AND,5,2,23460,9,3
AND,5,4,22471,6,7
OR,1,3,21712,6,4
NAND,3,4,15227,8,6
NAND,5,4,24001,10,5
XOR,1,4,17142,8,4
OR,5,4,22261,10,9
NAND,4,1,24418,9,6
NAND,4,2,23781,5,4
NAND,3,2,18353,5,9
AND,3,4,20794,8,7
XOR,2,1,23126,7,4
XOR,2,2,23350,5,5
OR,2,2,19860,7,9
OR,4,1,20707,7,8
XOR,4,4,18010,9,4
NOT,5,3,17265,8,6
OR,1,3,16347,10,6
XOR,3,3,16903,10,5
XOR,2,2,18129,7,4
OR,3,2,24118,6,4
NOT,1,1,23458,9,3
XOR,2,2,20369,6,8
AND,1,4,16432,8,3
OR,2,2,20143,9,8
NOT,4,2,19926,7,6
XOR,1,2,15481,6,6
OR,1,2,18731,9,3
AND,4,4,22494,10,4
NAND,5,3,20125,5,9
NOT,1,1,18250,5,6
NOT,1,2,15473,10,4
OR,3,1,20121,6,5
NAND,3,3,24054,6,8
XOR,4,2,22622,10,9
OR,5,2,22938,6,6
NOT,2,2,21966,6,4
NOT,5,2,23263,6,6
NAND,5,1,17419,10,7
OR,4,1,18829,9,3
OR,3,4,24280,5,8
AND,2,1,19756,5,6
NAND,3,1,15596,10,5
NOT,5,1,22770,5,5
NAND,4,4,22301,6,7
OR,4,2,15069,8,7
NAND,1,4,19769,7,9
AND,3,4,15463,7,5
OR,5,2,21873,8,4
XOR,1,3,21060,8,5
XOR,4,3,17003,9,3
NAND,2,4,23947,10,8
OR,1,4,23660,5,5
AND,5,2,17973,6,7
AND,3,2,23411,9,7
XOR,3,2,21205,5,7
NAND,3,2,19698,10,9
NOT,4,1,17718,7,9
NOT,1,4,19482,5,7
NAND,2,3,17838,5,3
XOR,1,1,15888,6,4
OR,4,1,24254,8,3
NAND,2,3,15529,5,8
XOR,1,2,22325,10,6
AND,5,1,20866,8,9
NOT,2,4,18459,7,6
NOT,1,1,20241,5,8
AND,4,3,16311,6,6
NAND,1,2,21111,9,6
NAND,5,2,15574,9,8
NAND,2,1,19573,7,7
NOT,4,2,23558,10,7
NOT,2,1,22610,6,5
XOR,4,3,15142,7,7
XOR,4,1,15917,8,5
NOT,2,3,16472,9,9
OR,4,1,23146,8,8
AND,4,3,17057,6,8
OR,5,4,24776,9,6
OR,3,1,16269,5,9
AND,1,4,20916,8,5
AND,2,3,18932,8,6
NOT,2,4,22940,10,7
NOT,3,2,15435,8,4
OR,2,2,15244,10,5
NAND,3,2,23257,10,3
XOR,5,3,23938,8,6
AND,1,4,16541,5,7
NAND,4,3,24282,6,7
NOT,2,2,23055,6,8
NAND,3,2,17071,10,9
NOT,1,2,20440,9,5
NAND,2,4,21747,6,5
OR,1,3,16106,8,6
XOR,4,3,15003,9,4
NAND,3,2,17378,6,5
OR,4,3,24156,6,6
OR,5,2,23691,8,9
XOR,3,2,18131,8,3
AND,4,3,15710,8,7
NOT,2,2,22150,10,5
AND,1,4,17802,8,3
NAND,5,3,22246,9,8
OR,5,3,22138,5,6
XOR,2,2,18306,9,8
OR,3,2,17449,6,5
AND,3,2,17459,9,5
NAND,5,2,22784,9,3
NAND,2,3,24849,9,8
NOT,4,2,16390,6,7
XOR,1,1,19480,7,3
AND,2,2,21221,8,5
NOT,2,3,17337,5,9
XOR,1,4,17346,10,6
OR,1,2,24063,5,7
NAND,1,1,19152,9,9
AND,2,4,21761,8,3
AND,3,1,19579,10,4
NAND,4,1,17979,7,5
OR,4,2,21841,5,9
AND,4,4,16401,10,5
NAND,2,1,17569,5,5
XOR,3,4,18270,5,6
NOT,1,1,16428,5,8
XOR,5,2,20453,7,5
XOR,3,1,20600,10,9
XOR,5,3,23659,8,8
NOT,3,4,15506,10,6
AND,4,4,15034,8,8
XOR,1,2,22050,9,7
XOR,3,3,22093,10,3
NAND,3,2,15787,9,9
NOT,2,2,18143,6,9
OR,5,4,16333,9,9
OR,4,2,17977,7,6
NAND,3,2,20084,5,9
AND,3,4,19139,9,4
XOR,4,1,21675,6,3
OR,3,1,17401,8,8
OR,4,4,20990,8,9
NAND,2,1,22101,6,3
XOR,2,1,24938,6,3
NOT,2,3,23989,10,8
NOT,5,2,21518,7,9
OR,1,1,16913,8,9
AND,3,2,23776,10,8
NOT,2,2,22834,6,6
OR,5,2,22935,10,9
OR,5,4,15044,9,6
AND,3,4,19959,8,7
NOT,3,1,17432,8,3
XOR,3,3,16530,9,3
OR,3,3,22967,6,3
OR,5,4,20020,6,9
OR,4,4,19528,6,4
AND,5,1,19949,9,4
AND,3,2,15288,5,8
OR,2,1,22793,8,5
OR,1,3,16988,9,6
OR,5,2,19661,9,6
AND,3,1,16319,5,7
NOT,5,3,19074,6,9
NOT,3,1,20060,9,6
NOT,2,1,23219,8,8
NAND,2,2,22772,5,4
OR,5,4,18400,8,7
NOT,2,2,21154,6,9
NOT,5,2,23645,8,7
NAND,2,2,24317,6,5
XOR,1,1,20353,7,4
AND,5,2,24527,7,9
NAND,4,3,21836,9,5
OR,2,2,16718,5,9
XOR,2,3,15790,8,7
XOR,3,4,23921,9,9
XOR,5,1,15601,10,8
AND,5,1,23858,5,3
XOR,3,4,18402,8,8
AND,4,2,18005,5,3
OR,2,4,16144,10,9
NOT,2,4,21461,8,3
NOT,3,2,18998,9,7
NOT,3,2,19037,7,8
OR,3,2,16590,8,8
AND,4,1,15644,10,7
AND,2,2,22723,10,3
OR,5,3,19596,5,3
XOR,1,2,16601,5,9
NAND,2,2,15688,5,4
NAND,3,4,22562,6,3
NAND,1,2,24709,10,5
XOR,2,3,20472,9,8
OR,5,1,20101,7,4
OR,2,3,17523,8,7
XOR,5,2,16579,10,9
NAND,3,3,15039,6,4
NOT,2,1,21240,9,7
AND,4,3,20842,9,3
XOR,3,2,21244,9,5
AND,3,1,23874,9,4
XOR,4,2,17415,5,8
NAND,3,3,23053,6,8
NOT,1,4,16360,8,5
NOT,1,4,15643,6,8
OR,1,2,16278,8,3
AND,1,2,19899,9,3
XOR,4,3,23248,10,5
AND,2,4,24857,9,3
OR,2,2,17145,6,4
OR,5,2,17531,7,3
NOT,5,2,18358,8,4
XOR,4,3,21417,7,6
AND,4,1,20190,7,6
NAND,2,1,18306,7,8
NAND,2,3,15051,6,6
XOR,1,4,23756,8,6
AND,2,4,18300,8,9
NAND,2,1,15985,10,9
XOR,3,2,23094,8,5
AND,4,2,15329,9,3
NOT,3,1,20775,5,4
NOT,2,3,22491,5,6
NOT,5,3,16432,10,9
NAND,4,1,23815,7,4
XOR,1,4,21902,5,3
NOT,5,2,19455,10,3
XOR,4,1,21976,10,4
XOR,5,4,21054,7,8
AND,4,2,17594,5,9
AND,5,1,21896,9,4
NOT,2,1,20428,6,4
NAND,1,3,20040,9,4
OR,5,4,23644,10,4
AND,5,3,21762,7,7
NAND,2,1,15156,10,6
NOT,1,2,23940,10,7
AND,4,3,22084,9,8
NOT,4,2,18836,6,6
XOR,4,2,24569,6,6
XOR,3,4,23832,6,6
XOR,1,4,20326,8,7
AND,4,4,21588,7,8
AND,1,4,24171,6,9
NOT,3,2,18254,7,3
XOR,5,3,23876,9,4
AND,2,3,15991,9,8
NOT,4,2,24283,6,9
NOT,2,1,15121,7,3
NOT,5,4,19809,6,6
AND,2,2,24847,9,7
AND,3,1,23540,9,3
OR,1,1,23570,10,9
NAND,1,3,21516,10,9
XOR,4,4,16194,5,6
NOT,3,2,21594,5,5
NOT,5,4,23093,7,7
OR,3,2,23950,6,6
XOR,1,3,15591,8,8
XOR,3,4,19451,8,6
AND,2,4,18767,5,3
AND,4,1,19643,7,6
NAND,1,2,20842,7,9
NOT,3,4,21800,9,4
XOR,3,1,16924,7,9
NOT,1,3,15431,10,3
AND,2,1,15371,5,5
AND,4,3,20276,8,9
NOT,4,4,24533,8,5
AND,1,3,18037,10,7
OR,5,3,20613,8,5
OR,2,1,22848,9,5
NAND,4,4,23584,5,3
XOR,1,3,23351,5,9
OR,4,1,24368,7,4
OR,4,2,22133,8,7
OR,2,4,21333,5,6
XOR,5,2,22765,8,6
AND,3,2,20683,5,5
AND,2,2,22620,9,8
NAND,3,3,21969,7,7
NAND,3,3,18716,10,3
AND,1,1,16279,9,7
OR,4,2,16223,7,7
AND,1,1,17528,10,6
OR,4,4,19798,7,7
AND,3,3,15368,8,4
NOT,5,3,16501,7,4
XOR,2,2,19742,5,3
NOT,5,4,20926,9,4
NOT,1,2,15332,8,6
OR,5,3,17451,7,4
NOT,3,1,24151,8,5
NAND,1,1,20623,8,5
NAND,4,2,16275,8,5
AND,1,2,24595,7,6
XOR,3,2,18256,8,6
AND,3,2,24404,5,7
NOT,3,1,16787,6,4
AND,5,2,24822,9,3
XOR,5,4,20944,10,7
NAND,5,1,19331,10,5
XOR,4,3,17377,10,6
AND,2,3,21911,5,5
NAND,1,1,15057,9,7
XOR,3,1,21645,5,4
NAND,2,2,18351,8,8
NAND,1,3,23788,5,5
NOT,1,3,22213,8,8
XOR,2,3,21005,6,7
XOR,5,1,19821,6,9
AND,2,1,15709,8,4
AND,4,1,21714,6,5
AND,5,2,15352,10,9
OR,2,2,15117,5,6
AND,3,1,16025,6,4
AND,1,3,15741,6,9
XOR,2,3,23142,5,7
NAND,2,3,17436,9,4
OR,3,4,23673,10,9
NAND,1,4,20854,8,6
XOR,5,1,21304,7,3
NAND,4,3,22278,6,5
AND,1,1,18184,5,9
XOR,3,3,17456,5,8
AND,4,1,15133,10,9
AND,5,2,18210,9,5
NOT,5,1,15719,10,8
NAND,4,1,21037,8,4
OR,2,3,23475,10,6
NAND,3,1,19899,7,8
NOT,4,4,16674,6,8
AND,5,3,19891,6,8
AND,2,4,23462,9,6
AND,3,4,18789,7,4
OR,5,2,19423,6,4
AND,4,1,24973,9,3
AND,2,1,19130,10,4
NAND,1,1,19284,8,8
AND,5,4,19778,8,5
AND,1,3,17337,10,9
NAND,4,2,18590,7,4
AND,3,3,16375,5,6
NAND,1,1,18346,5,3
XOR,1,4,16654,7,3
OR,2,1,17699,9,7
NOT,3,4,23320,10,4
AND,4,3,24228,8,4
AND,3,1,22792,8,9
XOR,4,1,21388,9,8
XOR,1,1,15945,7,9
NOT,4,3,22881,10,3
NAND,4,2,16725,10,8
OR,5,4,16680,6,3
OR,1,4,21751,5,4
XOR,3,2,24601,10,6
OR,5,3,16990,8,4
XOR,3,1,15470,8,4
OR,4,4,17110,7,6
NAND,1,2,17178,9,5
AND,1,4,23226,8,8
NAND,1,1,18830,6,6
OR,4,3,23870,9,6
NAND,1,2,22764,6,8
XOR,5,2,21323,7,3
AND,2,3,21217,7,8
OR,2,4,16969,5,7
AND,1,4,23419,5,3
OR,5,4,15822,10,7
NOT,1,3,21635,9,3
NOT,5,2,16636,10,4
OR,1,3,19806,6,9
NOT,1,4,17841,9,3
XOR,4,4,18126,7,8
XOR,3,2,18381,10,3
NOT,3,2,21503,9,3
NAND,1,4,24078,5,3
NAND,4,3,17795,10,6
AND,3,4,20955,7,4
XOR,1,4,16908,8,5
XOR,3,3,21944,7,8
XOR,3,3,18111,8,3
OR,4,2,18855,7,3
OR,3,1,24184,5,5
NOT,5,4,15322,8,9
NOT,3,2,18154,9,5
XOR,2,4,21899,7,8
XOR,5,2,23189,5,4
OR,3,1,19639,7,8
XOR,3,4,22590,10,7
XOR,1,2,16405,9,5
AND,4,1,21965,6,7
OR,3,2,22706,5,7
NAND,3,4,15164,8,9
OR,2,3,24645,8,7
NOT,2,1,23642,9,9
NAND,5,3,15397,8,7
AND,4,2,16606,10,4
NOT,4,3,23456,8,7
NAND,5,1,24198,6,3
NAND,4,4,18899,10,5
AND,3,1,17649,10,9
NOT,5,3,15674,10,5
AND,2,3,17811,8,3
NAND,2,2,16316,10,3
OR,5,1,23485,9,8
XOR,5,3,17597,8,7
XOR,3,3,20867,7,9
AND,3,3,24357,7,9
NAND,3,2,23508,5,3
XOR,3,3,22397,9,9
XOR,2,3,24417,7,9
AND,5,3,18031,5,3
XOR,1,3,23165,6,7
AND,1,4,15913,5,7
NOT,5,2,23274,6,6
OR,5,2,20754,5,3
NOT,2,3,17187,5,6
NAND,4,4,16986,10,4
OR,1,1,23888,10,7
NOT,5,3,16648,5,8
NOT,4,3,20518,7,3
NAND,1,3,21961,8,4
NAND,1,4,24434,10,4
AND,1,3,23480,6,3
OR,5,2,24759,6,9
OR,3,1,20795,8,4
NOT,1,4,18377,7,6
NOT,5,3,19283,10,5
OR,2,3,17680,8,9
NOT,3,2,17260,5,9
NAND,1,1,24716,9,7
AND,3,1,21009,10,3
NAND,4,1,15785,7,5
NOT,3,4,21773,6,3
NAND,4,2,20807,8,4
XOR,3,1,16790,8,6
OR,2,2,18813,7,4
XOR,1,4,18517,9,8
NAND,1,2,19494,8,6
NOT,3,1,20154,7,6
XOR,2,2,24809,9,4
XOR,4,2,24525,7,5
NAND,3,3,23220,10,8
AND,5,3,24036,10,3
NAND,4,2,17923,7,9
NOT,3,4,18090,10,9
NOT,1,3,17396,9,6
NOT,4,4,16353,9,5
NOT,2,2,22605,7,8
AND,3,4,18115,10,9
AND,3,4,17562,8,4
XOR,5,3,22052,9,5
NAND,5,4,21834,10,6
OR,1,2,17043,5,4
XOR,3,1,22291,7,8
NAND,2,1,20033,8,8
AND,2,2,17451,5,6
XOR,3,3,22109,6,3
XOR,4,3,15567,8,8
NAND,4,3,24162,8,4
AND,3,3,22698,9,6
OR,5,4,23533,7,3
XOR,1,3,19906,8,3
XOR,1,2,18988,7,3
NAND,1,2,17353,9,6
AND,1,3,19895,7,5
OR,4,4,20848,10,4
NAND,3,2,18338,5,9
OR,4,1,23058,6,9
AND,1,2,21866,5,8
AND,3,2,19697,9,3
XOR,1,1,22409,6,3
XOR,2,3,21882,9,8
OR,4,4,17611,5,5
OR,5,3,21871,10,8
XOR,2,2,17448,7,9
AND,1,4,15924,9,4
OR,1,4,17444,8,7
NOT,3,2,20524,8,6
AND,2,2,23951,5,3
AND,4,3,18545,5,6
NOT,2,4,24494,5,9
NAND,2,1,21708,5,5
XOR,4,3,24200,10,5
NAND,3,3,22763,5,7
OR,4,3,23710,5,5
AND,2,1,20230,6,3
XOR,2,2,21500,8,3
OR,2,4,18801,7,8
AND,3,2,19269,9,3
NOT,1,4,15097,10,9
NAND,5,3,15667,6,9
AND,5,4,23855,6,4
AND,1,3,15267,9,6
AND,5,3,23929,9,3
NOT,5,1,21085,6,6
NAND,3,2,23044,8,7
NAND,4,2,16176,6,6
NOT,3,2,17149,6,5
OR,4,4,19536,9,8
NAND,3,1,23320,6,6
AND,2,1,17341,8,9
NOT,5,4,21641,10,6
NOT,3,3,18210,9,4
NOT,1,3,17549,5,5
OR,4,3,18200,9,7
NAND,5,2,22903,7,3
OR,3,1,24512,10,5
NAND,4,2,19918,8,9
OR,3,4,18116,5,9
NAND,4,1,16628,8,8
AND,4,1,22020,9,5
OR,2,2,17551,7,5
OR,1,4,24499,8,7
NOT,4,3,23648,10,3
NOT,4,1,19773,9,3
OR,1,1,15054,7,9
XOR,5,4,16083,6,9
OR,5,2,20063,10,5
NAND,3,1,21347,5,3
NAND,2,3,15181,9,3
NAND,1,4,20339,7,5
NOT,5,4,17833,7,6
AND,1,1,18798,10,8
NOT,5,4,18982,10,7
XOR,3,4,24617,9,3
AND,3,4,20998,6,3
AND,2,2,24119,5,6
AND,1,4,21211,10,8
XOR,4,4,24949,9,3
XOR,2,2,22606,7,7
OR,2,3,17839,10,9
NOT,2,1,15204,6,9
XOR,4,2,23727,5,8
AND,3,2,16099,9,7
OR,2,3,18343,5,7
NAND,1,1,24432,8,7
NOT,4,1,24439,9,8
NOT,1,2,24931,7,3
NAND,4,4,18583,6,5
NOT,2,1,20924,6,3
NAND,4,4,18173,9,8
XOR,3,1,24540,6,3
XOR,4,2,23323,10,8
AND,4,3,17966,7,6
AND,2,4,23389,10,3
OR,2,1,19261,8,3
AND,1,2,18795,10,3
AND,4,2,16713,5,3
NOT,5,4,20015,6,7
NOT,5,3,17673,5,3
AND,5,2,24661,8,6
NOT,3,4,16316,5,7
OR,5,4,24492,5,9
OR,4,4,19655,8,8
OR,4,1,19993,7,8
OR,3,4,22777,5,4
AND,5,4,17266,7,7
AND,2,3,15923,5,4
XOR,4,4,23713,7,6
NOT,4,2,15036,8,7
AND,1,2,23200,8,3
OR,1,2,19883,6,4
AND,1,2,23972,5,3
AND,3,2,21818,8,3
XOR,1,3,19119,5,4
XOR,3,1,24213,8,8
NAND,4,1,22977,7,6
NOT,4,3,24285,5,6
NAND,3,2,18457,5,6
AND,5,3,22821,8,4
OR,2,2,24242,8,9
NOT,4,3,21910,5,7
XOR,2,2,20495,5,3
NAND,5,3,21574,5,7
OR,1,1,23435,7,6
NAND,3,3,23509,9,3
XOR,5,4,23754,5,4
NOT,1,1,18854,9,9
NAND,2,1,21440,7,6
NAND,4,2,19031,8,5
XOR,5,2,18914,5,7
OR,3,2,23021,10,8
NOT,4,2,20834,5,5
NOT,1,3,21686,5,6
NOT,2,4,18646,10,8
XOR,3,3,24688,6,8
NOT,2,1,22332,7,5
NOT,1,4,23328,5,9
NAND,1,1,15059,5,5
XOR,4,2,21088,8,8
AND,5,3,15959,8,4
NAND,3,1,20224,5,4
AND,2,1,16846,6,3
XOR,2,2,19429,7,7
OR,4,1,24254,5,7
OR,2,4,17995,7,5
NOT,3,4,18958,7,7
XOR,3,2,15095,8,8
XOR,4,3,24222,8,5
NAND,3,4,24242,10,5
XOR,2,1,22515,6,9
NOT,5,2,19337,10,9
XOR,2,3,23684,5,7
XOR,3,4,18805,5,9
NOT,2,4,15739,5,9
AND,5,4,15393,8,6
NOT,5,3,18386,5,3
AND,1,3,19740,9,4
NAND,3,3,16565,8,9
NAND,1,1,21203,8,9
NAND,3,1,17885,10,7
XOR,3,2,21638,6,5
XOR,2,2,17355,8,5
XOR,2,4,17621,8,3
NAND,5,2,19705,10,6
XOR,2,3,23009,8,5
XOR,2,3,21461,7,6
XOR,4,4,17910,9,5
XOR,4,4,15892,9,7
OR,5,1,23933,7,9
OR,5,3,22563,7,5
OR,4,2,19696,9,7
OR,5,1,24528,9,5
NOT,2,3,22232,8,9
NOT,4,1,18012,7,5
XOR,1,4,22225,6,4
AND,5,2,17790,9,9
XOR,5,4,21546,8,3
NAND,1,1,24325,5,8
NOT,4,1,18391,8,5
NOT,5,4,17542,7,6
NAND,4,1,22381,6,4
NOT,1,4,21407,8,4
NAND,1,1,19315,9,5
NOT,4,1,23478,8,5
XOR,2,1,19727,6,9
NOT,3,3,21276,5,7
NOT,4,4,23389,6,8
OR,2,3,20030,5,9
NAND,2,2,21924,8,7
AND,2,2,19537,6,8
NAND,4,3,18823,5,8
AND,1,3,22786,6,7
OR,2,1,16142,6,3
NAND,1,4,17787,5,6
AND,2,3,21894,8,8
OR,4,2,24785,8,7
NAND,5,3,19150,5,5
NOT,2,3,16771,10,5
NAND,3,3,20521,8,8
NOT,2,1,16856,6,5
OR,2,2,17227,5,8
OR,5,3,15056,5,5
OR,3,2,17146,10,5
NOT,1,1,18748,5,4
NOT,5,3,18906,8,7
NAND,2,4,20638,5,3
OR,1,2,16400,8,5
AND,5,3,19522,5,5
XOR,5,4,20579,7,8
NAND,1,1,21730,10,8
XOR,4,2,23667,9,6
NOT,4,1,17018,7,9
AND,5,3,16826,5,3
XOR,5,2,16418,9,3
NAND,5,4,20369,8,6
NAND,4,2,21706,8,7
AND,4,3,24787,7,5
OR,1,3,16083,10,4
NOT,3,2,17213,8,8
OR,3,2,24071,5,3
NOT,4,4,22856,7,8
NAND,2,4,18766,8,4
NAND,3,1,17328,5,3
AND,5,4,23374,8,8
NAND,4,2,18154,6,5
OR,3,2,16637,10,6
NAND,5,3,16857,6,3
NOT,2,4,19513,5,3
OR,2,3,19321,10,9
XOR,3,1,15507,5,6
NAND,3,1,23151,10,8
AND,3,2,22084,9,6
NAND,2,3,15192,6,5
NOT,5,3,24163,8,3
NAND,2,1,21445,10,9
NAND,1,3,22979,8,4
NOT,3,1,16698,6,7
XOR,5,4,15111,7,6
OR,3,2,24691,6,7
XOR,2,1,18102,10,6
NAND,3,3,15158,9,4
OR,4,4,18860,10,8
NAND,1,3,22142,9,3
NOT,3,1,16231,7,4
NOT,2,4,23097,7,9
NAND,2,1,20134,7,7
AND,1,3,16929,8,4
AND,3,1,23015,10,3
XOR,2,4,17703,6,7
NAND,2,4,15592,10,6
NOT,5,3,18031,8,5
NOT,1,4,18488,6,8
OR,3,2,16220,10,8
OR,2,2,20323,10,8
NAND,5,1,19253,8,9
NAND,4,1,15135,7,5
AND,5,1,23547,7,4
OR,3,1,23372,6,5
AND,4,4,18409,9,4
XOR,5,3,17893,7,5
AND,1,3,19242,7,4
OR,2,3,22606,6,5
OR,2,4,17402,9,9
AND,2,4,24290,7,6
OR,1,4,21195,9,9
AND,3,2,23221,6,9
NOT,2,4,15850,10,9
XOR,2,4,20597,7,3
OR,2,4,22716,10,7
XOR,4,2,19581,7,3
OR,3,4,23029,7,4
NAND,2,2,19435,5,7
NOT,3,3,23319,6,8
XOR,4,4,19160,6,9
NOT,3,3,24765,10,9
NAND,3,2,22036,5,7
AND,1,3,16392,5,7
NOT,3,3,19986,10,6
NOT,4,3,19227,10,7
NOT,2,3,16661,8,3
NAND,2,2,19676,5,9
XOR,2,3,22296,5,4
NOT,2,1,22838,6,3
OR,2,3,22517,10,3
NAND,4,3,21337,7,3
NAND,1,2,16084,7,7
XOR,5,2,24340,6,7
AND,4,1,22425,6,4
XOR,1,1,17784,6,7
NAND,2,3,22497,6,7
AND,5,3,19535,8,8
OR,2,4,21097,7,6
NAND,3,2,18444,5,4
AND,5,2,21439,9,7
OR,5,1,24187,6,3
OR,3,1,18179,8,9
XOR,5,4,19321,8,3
XOR,2,2,20293,8,4
NAND,5,1,22215,9,6
AND,1,2,24365,9,5
AND,3,4,17604,9,7
AND,3,1,19396,10,3
NAND,1,4,18709,9,4
OR,3,2,21797,10,4
OR,5,4,15091,7,7
NAND,3,2,19765,7,7
NAND,3,4,18124,10,5
AND,2,4,21462,10,6
XOR,1,2,16602,10,9
NOT,3,2,18798,8,4
XOR,1,2,15602,5,4
OR,2,3,15295,8,5
NOT,2,3,23874,10,9
NOT,5,1,15028,7,9
NAND,4,3,23978,8,3
XOR,4,3,24767,8,4
OR,5,3,24150,6,4
XOR,5,3,19318,6,8
OR,1,4,23335,8,4
OR,4,3,17498,8,7
OR,2,2,20791,10,3
NOT,2,4,22752,8,5
OR,4,2,21461,6,5
NOT,1,2,16436,5,9
OR,2,2,15813,10,8
NOT,2,3,23322,6,7
XOR,3,1,22851,10,5
NOT,2,1,16446,8,9
XOR,2,2,17620,5,6
OR,1,2,17426,7,7
AND,1,1,17813,5,4
NAND,4,3,21546,10,9
XOR,1,2,23373,6,9
XOR,2,1,23657,6,7
XOR,1,1,21541,9,9
OR,2,2,20752,6,5
NOT,5,3,16242,9,3
AND,3,1,21614,9,4
OR,2,2,20179,8,4
NOT,5,2,17775,8,6
XOR,2,1,21556,7,5
NOT,5,1,20313,6,9
AND,4,2,15071,7,3
XOR,5,3,22664,7,4
NOT,1,1,23261,7,7
AND,5,4,17381,6,8
AND,4,4,24696,7,3
XOR,2,1,20415,7,6
NOT,4,4,22386,9,7
XOR,2,4,23577,7,4
NOT,3,4,17208,7,5
NOT,4,3,24623,8,7
OR,5,3,19602,8,8
NAND,1,4,16817,10,7
OR,1,4,22670,7,4
NAND,3,4,22494,7,3
NAND,5,4,22337,5,8
NAND,4,4,20174,10,7
AND,1,2,18151,7,7
OR,4,4,18423,9,5
NOT,2,3,24955,6,4
AND,4,2,20107,9,6
AND,1,4,21730,8,7
XOR,2,4,20647,8,9
NAND,3,2,18456,6,5
NOT,3,2,17818,6,4
AND,2,4,18122,7,8
XOR,1,2,24609,9,7
AND,4,4,24755,5,7
OR,3,1,19572,7,3
NAND,5,4,17655,5,7
AND,5,1,16246,5,9
NOT,5,2,19197,7,8
OR,1,2,19574,8,6
AND,5,2,23238,10,8
XOR,1,2,24131,5,3
OR,1,4,17975,10,8
XOR,4,1,20879,8,5
AND,2,2,22904,6,3
AND,3,1,16275,6,8
XOR,2,2,16896,5,4
NAND,1,2,17328,5,8
NAND,4,4,18753,7,9
NAND,3,2,24816,9,8
OR,3,1,23112,5,7
NAND,4,4,21894,6,5
XOR,1,4,19972,8,8
NOT,3,3,15948,7,5
NOT,2,1,18839,8,9
OR,3,1,21615,7,6
NOT,4,1,18046,7,5
NAND,2,3,24024,5,4
OR,5,2,19744,5,7
AND,2,3,20910,8,9
XOR,1,2,24514,10,8
NAND,5,3,24626,5,7
XOR,5,2,23165,10,3
AND,1,2,17822,10,5
NOT,4,2,16776,9,6
NAND,4,4,16497,7,3
AND,4,1,24878,8,9
OR,5,1,18929,7,9
AND,2,1,16367,8,3
OR,4,1,22375,5,4
OR,2,3,24057,6,9
NAND,5,1,15893,6,3
OR,4,3,16083,6,4
OR,2,1,18643,5,4
NAND,4,2,22145,5,5
AND,4,4,17883,9,9
XOR,5,2,19663,5,8
NOT,2,1,20098,6,7
AND,4,3,15364,10,4
XOR,3,1,17002,5,5
NAND,3,1,20754,10,7
XOR,5,4,19828,9,5
XOR,3,2,24824,7,8
OR,1,1,17400,6,5
AND,3,2,22909,5,8
AND,2,1,22618,10,4
NOT,2,1,24591,7,5
AND,2,3,15425,5,8
AND,1,1,16890,10,5
NOT,2,3,24638,5,9
AND,3,3,17487,8,6
OR,3,3,18587,5,5
OR,3,3,23913,6,7
NOT,5,3,24624,7,7
NOT,3,3,15520,9,3
XOR,5,1,15905,7,4
XOR,4,3,18533,6,3
NOT,4,2,16479,7,5
OR,3,3,20656,10,4
OR,1,1,17142,5,8
AND,3,4,21690,6,8
XOR,4,3,17799,7,7
XOR,3,2,20040,10,3
XOR,5,3,24497,6,5
OR,1,2,17731,8,6
NAND,1,3,18961,7,7
AND,3,1,21403,5,8
NOT,1,1,22736,8,6
AND,4,4,20653,6,5
NOT,2,1,22236,5,7
NAND,3,4,15907,8,8
NOT,4,4,20755,10,6
AND,3,3,17412,7,7
NAND,2,4,15932,6,4
AND,5,4,15489,7,3
NAND,2,4,15257,7,8
NAND,5,4,22883,6,9
NOT,2,3,22804,7,7
AND,2,1,17940,6,7
NOT,5,4,18010,9,9
XOR,3,4,15479,5,8
XOR,4,1,19676,5,4
NOT,3,3,16929,5,9
NAND,2,4,15522,7,7
NAND,5,4,24701,7,4
NOT,1,4,23752,7,8
AND,3,4,20808,5,9
NAND,4,4,23355,6,8
XOR,1,2,15074,9,9
XOR,3,1,21340,10,5
OR,2,4,17008,5,7
XOR,5,1,18527,6,4
XOR,5,2,17695,5,5
NAND,5,1,21953,10,7
NOT,3,2,19280,7,4
XOR,1,4,15714,5,3
XOR,4,2,23042,10,8
OR,2,4,24354,10,5
XOR,1,3,15045,6,9
OR,4,2,21116,8,3
AND,2,4,21277,9,8
OR,3,3,23889,8,4
XOR,5,1,18852,7,8
XOR,5,4,24183,8,3
XOR,5,3,15917,9,3
OR,4,4,21298,6,6
NAND,3,2,18745,8,3
XOR,3,4,22816,5,3
XOR,5,3,24059,9,8
XOR,2,3,20907,5,3
AND,5,1,20981,10,4
OR,3,2,16117,9,3
NAND,5,2,22274,7,4
AND,3,4,23585,7,4
NOT,4,2,20622,10,7
AND,3,1,23967,6,9
XOR,5,4,20541,8,3
AND,1,3,19744,8,5
NAND,3,3,18186,8,5
NOT,5,1,15000,5,5
NAND,4,2,18041,6,7
XOR,3,1,24983,10,9
XOR,5,2,18944,5,4
AND,5,1,24029,8,4
AND,3,2,22559,5,7
NOT,1,3,20486,9,3
NAND,2,3,16712,9,6
NOT,5,3,21629,10,3
NAND,1,1,24692,9,7
XOR,3,1,24554,8,4
NOT,3,2,22529,8,9
XOR,5,1,23823,5,5
XOR,4,4,16194,9,3
NOT,3,1,24076,9,5
OR,3,3,16641,10,5
XOR,1,4,23641,8,3
XOR,2,1,22022,7,6
NOT,1,2,23949,6,6
XOR,5,4,18371,5,3
AND,5,4,18899,8,9
AND,1,4,18854,7,9
AND,5,4,23674,5,6
OR,1,2,18790,9,4
AND,5,3,17721,5,3
OR,3,4,19487,5,5
XOR,5,2,20406,6,4
XOR,3,1,16563,5,9
NAND,2,4,20235,5,9
OR,3,2,17260,6,9
OR,2,2,21366,8,4
XOR,1,2,23182,10,5
NOT,1,2,21447,8,3
NAND,1,1,22587,7,6
XOR,1,1,22687,9,4
OR,1,1,16576,5,7
OR,1,2,22294,7,6
NOT,4,1,21735,5,6
NOT,3,1,18542,10,6
NAND,3,4,22423,10,5
NAND,4,1,15809,8,3
OR,3,4,20240,7,8
XOR,2,1,17516,9,8
NAND,5,4,21635,8,8
XOR,5,3,18746,5,8
NAND,4,3,19910,10,6
OR,4,1,16275,10,3
AND,2,4,15277,8,9
OR,2,2,15358,5,6
NAND,2,1,16886,10,6
OR,4,3,24367,6,7
NAND,3,1,19566,5,6
NOT,4,1,23015,8,6
NOT,4,3,18082,10,7
NOT,1,4,23333,7,9
AND,1,4,20929,8,3
NAND,3,1,19452,10,9
AND,2,3,21143,5,8
OR,3,1,22124,7,7
NAND,1,4,22335,7,9
OR,5,2,18007,7,9
OR,4,1,24046,7,6
NAND,3,2,16168,9,4
NAND,4,1,19884,10,4
NAND,2,1,15514,10,8
AND,3,2,16662,8,3
AND,4,1,16203,8,5
NOT,3,1,15911,6,5
NAND,3,4,19329,5,6
OR,5,3,24760,8,6
NOT,4,3,19744,10,7
AND,2,1,22539,6,9
OR,3,3,17302,7,9
OR,2,3,22483,6,9
XOR,2,2,15714,7,5
XOR,2,2,18906,7,4
AND,3,3,21306,8,3
AND,5,1,15456,5,5
AND,2,1,21178,7,5
NAND,4,4,17955,7,5
AND,2,3,23852,6,4
XOR,2,4,24071,8,4
AND,1,4,21014,7,3
AND,5,3,15874,10,4
NOT,2,3,19337,8,7
AND,5,1,22646,9,5
NAND,5,4,22072,8,9
OR,4,4,23511,9,9
NAND,3,3,22991,5,7
NOT,4,4,16074,7,3
AND,4,3,22154,5,6
XOR,1,2,20734,9,3
NAND,2,2,18178,9,5
AND,4,2,16000,9,8
XOR,3,4,15296,7,8
OR,4,4,18658,6,9
AND,2,4,23620,8,5
AND,1,1,23897,8,7
NOT,1,4,23972,5,9
XOR,2,3,24042,9,5
OR,2,2,16750,6,4
NOT,4,2,22745,5,7
NOT,5,4,24307,7,6
NAND,1,2,16086,5,9
XOR,3,2,17326,7,9
NOT,1,1,22898,8,9
OR,4,2,24760,7,9
NOT,4,3,21164,10,6
NAND,3,2,16009,5,4
NAND,1,1,19919,10,6
XOR,2,2,22012,6,5
NOT,5,3,23446,10,5
NAND,1,2,21727,6,8
OR,2,3,22625,6,5
NAND,1,3,15946,8,4
NAND,5,3,20515,10,8
OR,5,3,15378,7,6
NOT,1,1,15569,6,7
OR,5,3,18482,6,9
XOR,4,2,15849,9,4
NOT,4,1,22849,9,6
NAND,3,2,20191,6,7
AND,2,2,20733,10,3
NAND,1,2,22457,5,7
XOR,3,4,19397,8,5
OR,1,3,19761,6,9
XOR,3,4,19913,10,3
OR,4,3,24134,9,5
AND,5,3,16143,10,5
NOT,4,2,22206,6,4
NAND,1,4,15998,9,3
NOT,1,2,15696,7,5
NOT,4,3,16028,6,4
NAND,4,3,17596,8,4
NOT,1,2,21364,6,7
NOT,5,2,23976,6,6
AND,5,1,22456,6,8
NAND,1,3,23483,7,9
NOT,2,1,22266,5,6
NOT,5,4,19274,7,9
OR,4,3,22321,5,8
AND,3,2,17586,5,9
NAND,2,2,20489,10,9
XOR,4,4,19148,8,8
OR,2,2,21094,9,6
NOT,4,1,24604,10,7
NOT,3,4,19292,5,9
NOT,4,2,20539,10,4
OR,5,4,23499,9,7
AND,1,1,18892,8,6
AND,3,2,17538,6,7
NAND,1,3,20954,6,6
NAND,4,3,24923,6,3
NAND,1,1,16826,9,3
XOR,2,4,17565,8,7
NOT,4,3,20569,6,7
XOR,1,4,21427,5,5
XOR,5,1,20493,9,8
NAND,3,1,21298,5,7
OR,2,3,19729,9,5
AND,5,3,20875,5,9
OR,5,2,24827,6,3
OR,2,2,22529,7,3
XOR,2,4,21481,9,3
OR,1,1,17901,9,9
NOT,5,1,23996,8,9
AND,2,4,18510,8,5
NOT,3,1,20558,6,5
AND,4,2,18849,10,5
AND,4,2,17421,6,6
NAND,5,2,21068,6,8
NOT,1,1,23756,7,3
AND,1,4,23585,9,3
OR,1,3,15080,9,5
OR,3,4,23145,9,5
NOT,5,3,21105,9,3
OR,3,4,17406,9,7
NAND,4,1,17453,9,7
XOR,3,3,15329,6,4
AND,3,2,21655,9,9
OR,5,4,16120,9,4
AND,4,3,18169,7,7
AND,4,4,21649,5,7
XOR,4,4,23057,6,7
NOT,1,2,19888,10,8
XOR,2,2,16325,10,3
OR,2,2,24593,7,3
NOT,5,3,22129,10,9
NAND,4,3,15014,5,9
NAND,2,3,16487,5,9
NAND,5,3,15647,9,6
OR,1,2,19330,7,6
NAND,5,3,21904,9,9
NAND,2,3,18136,10,3
NOT,3,1,21288,5,7
NOT,3,4,19547,5,5
NAND,3,4,21092,7,9
NAND,5,2,16940,8,3
XOR,2,1,17790,6,5
NAND,1,2,22474,6,7
NOT,1,4,22388,8,5
AND,2,1,15108,5,6
OR,2,3,17318,10,7
NOT,1,1,24593,8,4
OR,3,3,24604,5,8
OR,5,1,22479,5,6
XOR,4,2,15657,6,7
OR,3,1,22688,5,4
XOR,5,4,17218,7,3
XOR,4,3,18549,5,7
NAND,2,2,16566,10,6
XOR,3,3,20127,6,8
NAND,2,3,16953,10,6
XOR,4,4,22773,8,9
NAND,2,3,17778,10,5
XOR,5,1,22484,5,7
NOT,1,3,19655,7,4
NAND,2,1,19746,8,8
AND,4,4,19428,6,7
XOR,2,4,21361,9,9
NAND,3,1,24093,10,8
OR,4,4,24710,9,3
AND,4,4,19612,7,9
XOR,5,3,18840,9,6
OR,1,1,18670,9,8
NAND,2,4,19106,6,8
NAND,2,3,22285,9,8
NAND,3,2,18855,10,6
NOT,4,3,20535,5,6
AND,4,3,17542,9,7
AND,1,2,17264,6,8
OR,1,1,18914,6,8
XOR,5,4,18877,5,7
NAND,5,1,19781,10,8
NAND,1,2,19106,5,6
NAND,3,1,21247,7,7
OR,1,2,21428,10,5
AND,4,2,22401,7,3
AND,1,2,21851,5,7
AND,5,2,17169,8,7
AND,4,3,21467,6,5
NAND,3,3,23331,5,4
NOT,5,4,21496,6,7
NAND,4,1,17616,7,5
XOR,1,3,21699,10,4
NOT,5,4,16640,5,8
XOR,5,4,17617,7,9
AND,5,4,23071,6,3
NAND,3,3,17356,5,4
XOR,2,2,20864,5,3
NAND,2,3,24492,9,9
AND,3,1,16922,9,5
OR,3,1,23883,10,5
NAND,1,2,23267,8,3
NAND,4,1,15791,6,9
XOR,2,1,23763,8,3
NOT,2,3,16236,10,6
NAND,4,1,23211,7,3
OR,2,3,18139,6,3
OR,1,1,19423,5,8
AND,1,1,23068,5,3
NAND,3,4,18134,9,9
AND,2,4,17464,9,5
AND,1,2,23524,5,5
AND,5,2,20322,10,4
OR,4,1,24813,10,4
XOR,2,1,16757,9,6
NAND,4,3,24004,6,4
NAND,4,4,16766,10,9
NOT,4,1,22297,9,4
AND,2,3,15338,9,7
OR,2,3,18110,5,4
NAND,1,2,15727,9,9
NOT,2,2,19830,7,3
AND,4,1,22317,10,9
NAND,1,1,21138,8,4
OR,1,3,20608,6,6
NAND,5,2,17322,9,6
XOR,5,1,18826,5,9
NAND,3,3,16205,6,4
XOR,1,4,24640,8,9
OR,4,3,16600,8,8
NOT,2,2,18285,8,5
OR,1,3,18483,8,8
NAND,4,3,17316,7,5
AND,2,1,18673,8,8
OR,4,1,18086,9,4
AND,2,3,20843,5,9
NOT,1,4,18871,8,5
NAND,2,3,20220,6,3
NOT,4,4,22742,10,7
NOT,3,4,21585,9,5
XOR,1,1,15482,8,9
XOR,1,3,21867,10,9
NOT,5,4,22869,8,3
NOT,5,2,16310,10,6
NAND,1,1,20344,8,4
NAND,4,1,18660,6,8
AND,3,2,23672,9,9
NAND,2,2,17565,7,4
NAND,4,4,18360,8,5
AND,2,3,15025,8,8
NAND,3,4,21452,6,9
OR,3,4,24745,6,8
NAND,3,1,19214,10,7
XOR,2,3,22134,8,5
AND,5,4,17105,8,6
NOT,5,2,16920,7,6
NAND,5,2,23310,8,4
NOT,4,1,15391,8,6
XOR,5,2,18861,10,8
NOT,1,2,16060,10,6
NAND,4,2,19807,9,9
AND,4,2,19091,6,5
NOT,3,2,22982,10,7
XOR,2,2,19731,6,7
NOT,3,2,24723,7,4
NOT,4,1,23649,8,8
XOR,3,3,15026,9,7
XOR,3,1,22228,10,7
OR,3,3,21818,5,6
OR,3,2,16948,9,8
OR,2,2,15424,6,4
NOT,4,2,20457,10,9
NOT,1,3,18299,5,6
NAND,4,1,22543,10,6
NAND,3,2,22032,6,6
OR,1,3,18522,6,8
OR,2,2,23221,5,8
XOR,4,3,18119,9,4
XOR,1,2,21785,6,3
XOR,5,3,21023,5,8
AND,5,1,23415,7,3
XOR,2,1,21345,9,4
NAND,2,1,24253,8,3
AND,4,4,22998,10,8
AND,1,4,23116,9,5
OR,3,1,24634,8,4
AND,2,3,16016,6,4
NOT,3,4,20725,7,5
NAND,5,2,20404,6,9
AND,1,1,22672,7,4
XOR,4,4,20238,5,8
AND,4,2,18340,8,5
NAND,2,1,22521,10,5
NAND,3,1,19492,9,4
XOR,2,3,21315,7,5
AND,5,2,22340,6,9
NAND,2,4,15017,10,5
NOT,3,2,24663,5,9
NAND,5,1,24046,7,6
NAND,2,2,15181,9,5
NAND,1,4,15816,10,5
XOR,3,1,22434,10,8
NAND,1,2,19511,7,3
AND,1,3,20666,7,4
AND,3,3,22153,7,4
XOR,3,1,18722,6,5
AND,4,4,20051,6,4
OR,4,4,18249,10,4
OR,2,1,19546,7,9
XOR,1,3,18867,9,5
OR,1,2,20660,10,7
NOT,3,4,24752,6,5
OR,5,2,24187,10,8
OR,4,3,15693,9,4
NOT,3,1,23784,5,3
AND,5,3,23182,6,3
OR,1,4,15284,5,3
AND,5,3,17460,7,8
OR,3,4,18087,6,4
XOR,5,1,15473,5,3
XOR,3,3,19116,8,5
XOR,4,3,16729,7,3
NOT,5,4,21938,5,6
OR,3,4,22759,6,4
NAND,3,4,24289,10,5
XOR,2,3,16955,6,3
XOR,1,1,15128,10,5
NOT,5,1,17622,9,5
NOT,3,2,17861,9,3
OR,5,1,20493,8,7
XOR,3,2,20800,7,7
NAND,1,2,22967,9,4
AND,2,1,24650,6,7
NOT,2,3,17434,5,5
XOR,3,3,18221,5,5
NAND,3,1,16145,9,8
AND,1,1,16721,5,6
AND,5,4,21586,6,5
OR,3,3,24781,6,8
OR,5,2,20134,9,5
OR,5,4,15216,10,5
XOR,3,4,21108,5,7
OR,4,4,23905,9,7
XOR,3,2,23835,10,4
XOR,3,2,22462,5,9
NAND,1,3,18175,6,4
XOR,1,4,22568,6,4
NOT,3,2,18783,6,7
AND,1,2,24881,9,5
OR,3,3,20959,10,8
OR,5,3,20988,9,6
XOR,5,4,19918,8,7
AND,2,4,16088,10,3
NAND,3,2,16580,9,3
OR,5,3,16163,5,8
NAND,3,3,21397,10,7
OR,2,1,17267,8,5
NOT,2,4,22076,10,8
OR,1,4,23179,5,5
NAND,2,3,21464,8,5
NOT,4,2,18019,8,7
NOT,5,3,20238,10,9
XOR,2,1,15355,9,9
NOT,4,2,15092,5,8
NAND,2,3,21707,5,3
NOT,2,1,17422,8,7
OR,3,4,16279,5,4
NAND,5,4,18685,10,4
AND,1,1,23672,5,8
AND,4,1,15313,5,4
NAND,1,3,21607,8,4
AND,2,3,17775,5,6
OR,3,4,19993,7,8
OR,5,3,16498,7,6
OR,5,1,19954,5,9
AND,5,1,18168,8,6
OR,1,3,24551,10,5
NOT,4,3,20748,5,4
AND,1,3,22283,7,7
XOR,3,2,19753,6,4
AND,4,1,16447,9,4
XOR,1,4,23187,7,8
OR,4,3,23240,10,6
AND,3,2,20951,7,6
OR,4,4,21297,10,9
NAND,3,1,17172,8,3
NOT,2,3,17424,10,7
XOR,2,2,20733,6,9
NAND,2,1,21436,5,7
NOT,2,4,18485,5,3
NOT,4,4,24011,10,4
OR,4,1,17570,9,6
NAND,5,2,21834,10,4
AND,5,3,21391,6,9
AND,5,1,24302,6,9
AND,2,3,15209,9,3
AND,2,2,22637,9,3
OR,2,4,17903,9,4
XOR,4,1,24565,10,6
AND,1,1,22859,10,3
AND,1,4,18756,10,3
NAND,1,2,15053,6,7
NOT,1,3,15362,8,4
XOR,5,1,19804,5,3
NOT,1,1,24103,6,5
AND,4,3,18006,7,8
NOT,4,4,19631,5,3
NAND,3,2,16929,6,8
OR,2,1,20647,6,9
OR,1,2,20101,8,5
OR,5,2,17833,5,9
NAND,3,1,21452,6,4
NAND,3,3,15856,5,6
NOT,1,4,22482,10,4
AND,1,1,20638,8,3
AND,3,3,24814,10,3
AND,3,1,18846,10,4
XOR,2,2,20191,6,7
AND,4,4,24262,9,8
OR,1,4,19047,8,3
XOR,4,3,19335,6,9
NAND,2,1,16525,8,5
OR,2,1,22939,5,3
OR,2,2,23898,9,8
NAND,1,3,15446,5,8
XOR,2,1,18854,10,7
NOT,2,2,20338,6,4
XOR,4,3,21164,10,4
XOR,4,4,18383,6,7
NOT,2,1,22791,10,4
NAND,3,1,22134,9,4
XOR,2,1,16658,10,4
AND,2,3,15437,6,6
OR,1,3,22019,9,9
NAND,5,4,15000,5,9
NOT,2,3,22116,6,8
NAND,5,3,23428,8,8
OR,4,2,16622,10,7
AND,5,1,23554,7,5
OR,3,4,17815,8,6
XOR,1,3,23836,10,5
NOT,3,1,17896,7,6
AND,1,3,24644,10,9
XOR,3,3,21993,6,6
NAND,2,3,23537,5,5
NOT,3,3,18148,10,3
OR,4,2,19183,9,9
OR,1,1,17647,10,4
NOT,4,4,21128,5,8
NAND,1,4,21252,7,7
AND,5,4,21455,9,8
AND,1,1,15115,6,4
NOT,1,4,16074,10,5
NOT,1,4,22001,7,8
OR,2,3,20038,6,9
OR,1,2,18868,8,6
AND,5,2,16533,9,6
NAND,4,2,22380,6,4
NAND,2,1,24279,8,7
OR,1,1,20867,9,3
NOT,2,2,18852,8,8
AND,3,4,23430,6,9
NOT,3,3,24180,10,3
XOR,1,4,24186,8,6
OR,3,2,21612,9,6
OR,1,3,23112,6,7
AND,3,3,17651,10,7
NOT,2,4,24798,7,9
OR,5,1,15277,6,7
NAND,5,2,16210,6,9
NOT,3,1,18512,6,5
OR,5,4,23904,5,3
AND,4,4,15085,9,6
NAND,5,3,23852,5,7
AND,1,4,19234,6,9
OR,3,4,19375,10,4
NOT,1,3,22659,10,3
XOR,5,4,21442,9,3
XOR,3,1,24330,6,7
OR,2,3,19594,6,7
NOT,2,2,15590,8,9
OR,1,1,19641,8,6
NOT,4,3,22539,8,8
XOR,3,2,20521,6,5
NOT,5,4,15533,9,8
NOT,5,4,20253,7,5
AND,4,1,18936,10,9
NOT,3,2,22987,5,4
OR,1,1,23225,6,3
NAND,2,4,21280,7,3
XOR,3,4,22665,6,5
NAND,5,1,20768,6,3
AND,1,4,22982,8,4
XOR,3,2,24135,6,4
XOR,4,3,22062,8,7
OR,2,1,20989,7,4
NOT,5,4,17519,10,8
AND,3,2,15055,6,7
AND,1,1,17717,9,5
NAND,3,2,20940,5,3
OR,2,4,20545,5,6
OR,1,3,16916,5,9
OR,3,3,20874,7,4
NAND,3,2,20657,6,9
XOR,5,3,17513,5,7
NAND,1,4,17332,7,5
NOT,4,1,23742,5,6
AND,5,1,22573,7,7
NOT,5,2,16800,9,9
NAND,2,4,16235,7,5
AND,2,3,22154,6,4
NAND,4,2,18543,8,5
OR,1,1,21196,7,9
XOR,5,1,21395,8,8
XOR,2,1,16450,8,3
OR,1,4,17601,10,7
OR,1,2,19274,8,7
OR,2,3,21167,7,6
AND,1,2,17390,6,8
OR,4,4,17900,5,5
NAND,2,3,21922,6,8
AND,2,3,22307,9,9
NAND,1,2,23828,6,7
AND,1,1,20884,8,7
NOT,3,2,18114,9,3
OR,5,2,15450,8,9
NOT,2,2,22173,6,6
AND,3,4,15329,6,7
XOR,3,1,15321,9,7
OR,4,4,18552,7,8
NAND,3,3,20013,6,9
OR,5,2,15685,10,5
OR,3,4,21567,9,6
AND,1,1,24536,6,4
OR,1,3,23239,5,5
OR,4,2,23989,5,3
OR,4,3,17580,10,6
NOT,3,1,21459,9,3
NOT,2,2,19063,7,3
OR,2,3,17134,8,9
XOR,1,1,15853,8,9
AND,4,2,16973,8,6
AND,5,3,15184,10,6
NAND,5,2,23374,7,7
NAND,2,1,21873,7,5
OR,3,4,21395,7,8
NAND,1,3,15100,7,8
XOR,5,4,21249,8,5
XOR,4,4,20167,8,4
XOR,1,4,16540,6,9
NAND,1,2,23786,7,8
XOR,5,3,22852,8,8
OR,4,2,19359,7,9
OR,3,3,20829,10,7
NAND,2,4,18769,10,4
NOT,2,1,17809,6,4
XOR,1,2,19540,8,6
NOT,4,1,21753,6,8
AND,1,2,21623,10,7
NOT,1,1,21987,7,5
AND,2,2,16541,5,7
NOT,1,4,21543,5,8
OR,5,2,19220,6,5
AND,3,3,15285,9,7
AND,4,1,17989,5,7
OR,4,4,24576,9,6
NAND,2,2,17891,5,4
NOT,1,3,24915,8,5
XOR,2,2,23998,10,9
AND,3,1,18388,9,7
OR,4,3,24900,6,9
NOT,4,1,24114,8,3
NAND,4,3,19835,7,4
OR,4,4,23055,10,3
AND,5,1,19557,5,6
AND,3,4,23380,5,3
AND,1,3,23264,5,5
NOT,3,3,23144,6,5
AND,5,4,16514,10,8
NOT,5,2,24072,5,7
AND,4,3,22581,5,4
AND,2,3,17978,9,9
XOR,4,2,24092,6,4
AND,2,4,22970,6,8
NOT,3,1,22745,7,6
NAND,3,4,18983,9,8
NOT,3,3,18815,8,9
NAND,5,2,23235,6,5
AND,5,4,23173,10,9
NOT,4,3,18240,10,6
NAND,1,3,18512,6,6
AND,3,4,16977,10,9
AND,5,1,16611,6,6
XOR,4,2,17943,5,6
XOR,4,1,22430,5,9
XOR,1,4,15395,5,7
OR,4,3,24347,10,9
NOT,3,4,21071,7,7
NOT,3,3,21686,9,7
OR,4,2,17722,8,6
AND,5,1,17061,10,3
NOT,1,1,22446,9,3
AND,5,1,21279,8,5
OR,3,3,24068,9,4
XOR,3,1,19247,8,6
NOT,5,1,19454,9,3
OR,5,1,17909,10,7
AND,4,1,18190,7,9
OR,2,1,23098,7,6
XOR,5,2,23595,5,5
OR,2,1,21303,6,5
XOR,2,1,23758,5,5
NAND,2,3,21252,10,5
OR,1,1,18309,6,8
OR,2,4,15920,8,9
NAND,1,4,22062,9,5
XOR,2,3,18778,5,7
NOT,5,4,23913,8,4
NAND,5,2,21661,5,3
NAND,3,3,21189,7,6
NOT,1,2,16821,8,6
XOR,1,3,15329,10,3
NAND,4,2,15215,9,6
XOR,4,1,22619,7,8
NAND,4,2,24956,10,4
AND,4,1,16237,9,4
XOR,2,2,16148,7,7
OR,3,3,21483,8,4
AND,2,4,15265,6,5
NOT,5,4,23427,8,6
NAND,2,2,22977,5,9
NOT,4,2,21339,7,4
OR,3,3,23282,8,5
NAND,3,4,24519,5,3
OR,5,4,24937,10,9
XOR,2,4,18400,5,7
NAND,4,4,21422,9,3
NOT,5,4,20158,7,6
XOR,4,3,22486,10,3
AND,1,4,17459,8,7
XOR,4,1,24482,9,5
AND,1,2,21920,7,3
NAND,1,1,21559,5,8
NOT,3,4,23064,6,3
NAND,1,2,24534,5,8
OR,1,1,21519,8,9
AND,2,2,17205,9,4
AND,1,4,17353,10,5
NOT,2,3,19873,10,3
AND,5,1,22448,10,5
XOR,2,1,16249,5,7
NOT,5,1,21691,8,9
AND,2,3,16341,9,9
NAND,5,3,16037,5,5
XOR,3,1,15450,9,7
NAND,4,1,17254,10,7
NOT,5,1,19667,5,8
NAND,3,1,18364,7,3
OR,1,2,18642,9,8
OR,1,1,21784,10,5
XOR,3,2,18985,5,4
OR,3,4,17607,6,8
AND,4,3,20653,7,7
XOR,4,3,22651,5,9
AND,5,1,15853,9,7
NOT,3,3,20412,9,4
OR,2,4,24218,10,8
NOT,3,4,23456,5,9
OR,2,1,24244,5,4
AND,5,4,20515,9,4
NAND,1,4,20717,10,9
OR,4,1,23099,5,9
AND,4,4,15767,6,7
AND,4,3,23756,10,3
NOT,5,4,17227,9,3
OR,3,4,20664,8,7
NOT,1,4,21494,8,6
NOT,2,2,24427,10,5
XOR,4,4,18097,7,6
XOR,4,2,19801,9,9
AND,5,3,19139,9,8
AND,3,2,20395,7,7
NOT,1,2,18590,10,6
NOT,5,4,15898,5,5
AND,5,4,24137,10,9
AND,3,2,16952,8,6
OR,3,2,22772,9,4
AND,1,4,22945,9,3
NOT,4,4,19087,10,7
OR,5,4,16577,5,5
AND,2,3,20468,8,5
AND,1,2,19164,5,6
XOR,3,1,15921,6,5
XOR,5,2,15175,6,9
NOT,5,2,15879,10,5
NOT,5,1,19462,6,7
NAND,3,4,18588,9,7
NAND,4,2,21634,10,7
NAND,4,4,20557,7,6
AND,3,3,21120,7,5
NOT,5,4,20557,5,5
AND,2,3,23814,9,3
NOT,3,2,22300,9,6
XOR,5,4,19600,9,3
NOT,4,3,16524,9,8
NOT,2,2,18867,9,6
NOT,4,2,17204,8,3
XOR,4,1,18765,10,9
XOR,2,3,21466,6,9
AND,1,2,23073,6,7
OR,5,3,16228,5,8
OR,4,3,18221,10,9
XOR,3,4,17703,10,8
XOR,1,1,24912,8,6
NAND,5,2,15656,10,4
OR,4,2,20007,10,4
AND,2,4,18549,9,8
AND,4,3,15939,5,6
OR,3,1,17222,6,3
OR,3,4,17537,9,6
NOT,4,1,20463,6,8
NOT,4,2,23452,8,5
OR,5,3,15698,7,5
AND,5,4,15714,6,6
NAND,1,1,23719,9,9
NAND,3,2,22254,7,3
OR,1,2,21448,5,4
AND,5,2,19217,8,7
AND,3,3,15491,9,3
OR,1,3,19817,8,7
OR,3,4,15156,6,7
AND,4,3,22586,9,4
XOR,3,4,16419,7,4
OR,3,4,20886,7,3
NAND,5,2,22705,9,6
AND,5,3,19892,8,6
OR,4,3,18857,5,6
AND,4,1,22013,8,4
AND,2,4,16775,8,8
NOT,2,3,17749,7,4
XOR,2,2,16912,8,4
XOR,1,2,19680,10,8
XOR,2,2,22515,5,9
AND,5,4,17643,9,3
XOR,2,3,24596,9,3
AND,3,3,24320,9,6
NAND,4,3,21961,5,7
NAND,5,1,20819,8,6
NOT,5,2,19363,9,6
NOT,1,1,17220,6,5
NAND,5,4,23480,7,4
AND,5,4,18369,6,8
OR,1,4,16702,5,5
OR,3,3,23402,5,4
NOT,5,4,21793,6,6
OR,1,1,16493,7,9
NAND,4,3,18438,8,4
NAND,5,2,24301,8,8
XOR,5,3,20581,5,8
AND,2,1,17086,5,8
NAND,1,2,16918,9,9
OR,3,4,17973,10,4
XOR,4,1,18096,9,7
OR,4,3,19696,8,5
OR,3,3,15759,9,4
AND,3,1,24747,7,4
AND,2,3,17838,7,9
AND,1,2,24143,7,3
XOR,5,2,21942,7,5
NAND,2,4,21486,7,5
OR,2,2,17376,6,7
XOR,4,4,21925,5,6
NOT,1,4,23926,6,9
XOR,3,3,15906,5,9
NOT,2,2,23004,8,6
NAND,4,2,22739,7,6
XOR,3,4,21662,10,6
NAND,5,4,22753,9,5
XOR,1,2,18443,10,8
NAND,4,1,18159,6,4
NOT,4,3,21333,9,3
NOT,5,3,19065,8,6
AND,5,4,19091,10,5
OR,1,3,15919,8,3
NOT,1,4,23046,6,3
OR,3,2,20089,6,3
AND,3,3,19171,7,9
AND,5,4,15086,7,7
NOT,3,2,21137,9,7
NAND,3,3,20832,8,9
AND,4,2,16186,10,5
NAND,5,3,18772,8,7
AND,3,3,19393,9,9
NOT,4,4,17724,10,9
XOR,4,4,24058,7,8
XOR,3,4,18029,9,3
NOT,2,3,22967,6,6
OR,1,3,15464,10,4
XOR,3,1,17555,8,3
OR,2,2,18388,5,3
XOR,4,2,21301,5,6
OR,1,3,16802,9,7
NAND,5,4,22475,9,3
NOT,1,1,18939,7,4
XOR,5,2,16688,5,9
NAND,5,2,24033,10,3
NOT,4,2,16471,10,7
AND,2,2,22187,7,9
NOT,4,1,23553,5,5
XOR,5,3,18889,7,3
AND,2,3,22963,10,6
OR,5,1,22328,5,8
XOR,3,1,17938,6,6
XOR,1,4,23278,9,9
OR,1,1,16760,10,6
XOR,4,3,23340,10,5
NAND,4,3,21413,10,3
NOT,2,3,20121,5,6
NOT,4,1,21377,8,8
AND,1,3,24055,8,5
AND,4,1,17539,7,5
OR,2,4,19359,10,3
OR,3,2,20711,5,7
AND,4,2,17764,10,4
NAND,4,1,24201,9,9
AND,5,1,17588,10,9
OR,1,3,21901,7,7
XOR,4,3,20976,10,5
OR,1,4,20058,9,7
AND,5,2,15348,9,7
OR,3,1,19217,6,4
OR,3,4,15998,5,8
XOR,4,4,21524,8,6
NAND,2,4,20915,9,6
NAND,4,4,16102,10,5
XOR,2,4,23674,10,4
OR,2,2,17225,10,4
OR,4,1,24262,5,6
NAND,2,3,23619,9,4
AND,2,2,24658,10,5
NOT,3,1,17823,7,6
AND,3,1,20511,5,7
OR,2,4,20178,5,9
NAND,2,2,15650,10,4
AND,5,2,20034,5,4
AND,1,3,24872,7,8
OR,2,2,22535,10,7
XOR,2,3,21068,7,6
NAND,1,4,15922,9,6
OR,2,1,16327,10,3
NAND,4,4,23654,7,5
OR,3,2,21461,6,3
NOT,2,4,23706,6,9
OR,4,2,24109,6,9
NAND,3,4,22288,5,5
NAND,3,4,23878,7,7
XOR,2,1,16557,7,7
OR,2,3,18992,8,6
NAND,2,2,21819,6,6
XOR,2,4,22687,7,7
NOT,3,1,22824,6,8
OR,4,2,18307,7,3
XOR,1,4,18878,5,6
XOR,5,4,17523,7,7
OR,5,2,18645,7,9
XOR,3,4,22136,9,4
NOT,1,3,18527,8,9
NAND,3,1,23175,5,7
AND,4,1,19977,6,6
AND,5,2,19492,5,8
OR,1,3,23072,9,3
AND,4,2,17900,8,8
OR,1,4,17676,6,6
NOT,3,1,20340,5,3
OR,4,2,22814,8,9
OR,1,4,19534,5,5
AND,3,2,22948,5,3
NAND,4,3,17644,10,8
XOR,2,3,18251,9,5
OR,3,3,21960,7,7
AND,4,3,15497,10,3
NAND,4,1,23771,6,7
NAND,5,3,20973,7,6
NOT,2,3,15846,5,9
XOR,2,4,16377,7,5
XOR,5,4,20746,7,7
XOR,3,2,19329,5,4
NAND,4,1,19122,6,6
OR,2,4,20292,7,4
OR,1,2,21138,9,3
AND,5,4,20175,9,6
AND,1,2,22817,8,5
OR,1,3,15056,10,7
NOT,4,3,20364,7,4
AND,3,2,19888,8,9
AND,2,2,22414,5,4
XOR,4,2,22066,5,3
OR,3,4,21578,10,5
XOR,1,3,18023,7,9
AND,1,4,17450,9,4
NAND,2,4,18840,6,8
OR,2,3,18667,10,9
NAND,3,1,17333,6,6
NAND,1,3,19080,5,8
OR,4,2,23724,7,3
NAND,2,4,16499,10,9
NAND,4,4,23243,6,8
XOR,2,3,20444,9,6
AND,2,4,16242,9,4
NOT,4,2,17882,5,8
NOT,5,2,16941,8,5
AND,1,1,21611,9,9
NAND,3,3,20666,6,5
OR,5,1,24155,5,6
AND,1,2,20273,9,7
OR,2,1,22727,6,3
NAND,4,2,24156,5,5
AND,3,2,18126,8,3
OR,2,4,17013,6,9
AND,3,2,19684,8,5
NAND,3,1,22706,10,3
OR,1,4,19666,6,4
NAND,1,4,20519,6,5
NOT,2,2,15561,5,3
OR,4,3,23405,6,6
OR,4,3,21005,5,3
XOR,5,1,21051,7,7
AND,3,2,23664,7,4
XOR,3,2,15027,9,3
NOT,4,3,15781,5,3
NOT,4,2,24777,9,4
NAND,1,2,15087,8,3
NOT,5,3,18655,9,9
NAND,2,3,24604,6,8
NOT,5,2,24344,8,9
NAND,3,4,15290,9,4
OR,4,3,23031,10,6
OR,5,3,16451,8,9
XOR,1,2,19450,9,9
AND,2,2,20167,6,8
NOT,1,4,18435,9,6
OR,1,3,23981,7,4
NAND,3,3,21764,9,4
XOR,5,2,16256,6,7
AND,2,2,18727,5,8
AND,1,3,15273,6,8
NAND,1,2,17410,7,6
AND,3,3,15866,7,3
AND,3,4,20348,10,6
AND,5,4,20276,9,4
NAND,1,2,23284,8,5
OR,3,2,17586,8,4
NOT,5,1,15572,7,5
XOR,2,1,18576,5,3
XOR,2,1,18993,5,5
OR,2,2,22313,6,8
NAND,4,4,22486,5,4
XOR,5,3,18955,5,3
NAND,1,4,23480,8,9
OR,3,2,15364,10,7
XOR,2,4,20629,8,6
NAND,3,1,21917,6,5
AND,2,3,24152,9,5
OR,5,4,17485,5,6
AND,3,4,18765,5,5
XOR,3,4,15405,7,5
OR,3,4,23557,5,8
AND,3,2,21705,8,3
NOT,4,4,17728,10,8
NAND,2,2,17818,9,7
XOR,1,2,18323,10,7
NOT,5,3,21337,6,4
NAND,5,3,17788,9,8
OR,2,1,23309,5,3
NAND,4,3,23761,10,8
NAND,3,1,22494,9,6
NAND,3,4,18581,6,4
NAND,2,2,23134,10,4
NOT,2,2,23630,6,4
NOT,4,3,24486,9,9
NAND,2,3,24062,9,3
OR,5,3,20289,8,5
NAND,1,1,18207,6,3
AND,3,4,22965,6,4
XOR,4,2,19278,10,3
NAND,4,3,24744,5,5
NOT,2,2,17475,6,6
NOT,3,2,21302,5,9
NAND,5,3,17993,9,6
NAND,2,1,21878,10,5
AND,3,1,18593,8,4
NAND,3,2,20001,9,8
NAND,1,1,20274,6,6
XOR,3,2,16608,6,7
NAND,4,4,22507,6,9
OR,3,2,21435,9,3
NOT,2,3,15603,8,8
OR,2,4,24082,7,3
XOR,3,1,16827,6,5
XOR,3,4,21804,8,8
NOT,2,3,18881,5,7
NAND,5,3,19638,10,9
NOT,5,2,18460,9,7
OR,3,3,16517,8,4
NAND,3,2,20122,5,6
NOT,1,3,15591,8,3
NOT,3,2,17337,9,6
XOR,3,4,21374,9,9
NOT,2,4,24939,6,7
NOT,2,4,16539,10,6
AND,1,4,17246,10,5
OR,2,1,16361,9,4
AND,5,1,16331,9,8
NAND,2,3,20050,7,7
AND,3,3,24052,6,7
AND,5,1,20696,8,8
AND,4,4,23926,6,8
XOR,3,4,21610,5,8
XOR,5,4,16854,7,6
NOT,5,1,19221,8,7
XOR,5,4,20996,9,9
NAND,2,3,15646,6,8
XOR,5,3,21297,5,6
AND,4,2,20752,9,9
AND,4,3,15853,9,4
OR,4,4,24687,8,4
OR,5,3,23849,5,9
NAND,2,3,20653,6,7
AND,5,4,19219,6,6
NOT,3,4,20221,7,9
OR,5,1,16915,6,9
NAND,3,3,18266,9,5
AND,5,3,20500,10,8
AND,5,4,20581,9,3
AND,3,3,17870,8,7
AND,4,4,16874,6,8
AND,1,2,16262,9,4
NOT,1,1,21927,6,9
OR,1,2,19310,9,4
NAND,4,2,19889,8,6
OR,2,4,16831,9,6
NOT,2,3,16963,5,3
AND,3,4,16414,7,4
NAND,4,3,20779,5,5
OR,5,2,24382,9,6
XOR,2,1,19963,9,8
XOR,4,3,19521,8,3
OR,5,1,23136,5,6
XOR,2,2,20777,8,7
OR,2,3,22879,9,3
XOR,2,2,18027,6,8
XOR,3,2,19034,5,7
NAND,5,2,24556,6,7
AND,5,4,17199,6,3
NAND,1,3,18053,7,6
AND,5,4,18705,5,4
AND,1,3,21889,6,8
AND,4,4,23155,10,8
NOT,4,1,23051,9,3
XOR,2,4,15572,9,9
NAND,1,4,23824,10,6
NOT,4,1,17236,7,8
XOR,5,1,17845,10,6
OR,2,1,20934,8,7
NOT,5,4,15540,5,3
NOT,2,2,17230,9,5
OR,5,4,19859,7,7
NOT,4,4,19939,6,5
NOT,1,2,16169,8,3
NAND,2,4,21952,9,5
AND,3,4,18917,7,9
AND,5,3,23947,5,6
OR,5,4,15957,10,7
OR,1,4,24779,10,6
OR,4,2,18573,8,4
XOR,3,1,22204,8,6
NOT,5,1,18674,5,6
NAND,4,2,15384,9,7
AND,2,1,17228,5,9
AND,5,3,17621,7,7
XOR,4,4,20064,7,6
XOR,2,3,20913,6,4
NAND,4,1,20814,5,4
AND,4,2,21066,5,5
AND,3,4,21113,10,8
NOT,2,4,24790,9,9
NAND,2,4,19430,6,7
XOR,5,3,16862,10,9
AND,4,2,20174,10,5
XOR,1,3,24173,10,9
NAND,2,3,22856,9,8
NOT,2,2,24218,5,3
NOT,2,4,19364,10,7
NOT,4,2,16292,8,6
AND,5,2,22594,8,6
XOR,2,3,18134,10,9
NOT,1,1,19887,7,6
XOR,4,3,19537,7,5
AND,1,4,21413,10,7
XOR,5,1,18017,10,8
NOT,1,4,18679,5,9
NAND,3,1,23378,6,4
XOR,3,4,17102,7,6
OR,3,1,23857,10,3
XOR,5,3,21974,10,6
NAND,2,3,15840,9,8
NAND,2,2,19755,7,4
NOT,1,2,18735,9,9
XOR,5,4,19548,9,3
OR,5,2,23175,8,8
OR,2,2,16348,10,5
AND,1,4,21382,9,3
OR,2,1,23561,8,5
AND,1,1,19710,10,5
AND,4,2,17851,7,5
OR,5,3,15269,10,9
NAND,2,3,22381,7,8
AND,3,2,23061,10,3
NOT,5,1,21919,6,9
NAND,2,3,15907,6,5
XOR,2,3,24735,8,7
OR,5,3,16366,5,6
NAND,3,2,23327,6,4
OR,2,3,15894,8,8
XOR,3,2,20745,10,9
NOT,5,4,24778,5,3
NOT,5,3,16196,6,8
NAND,1,1,17078,10,7
XOR,3,1,18744,5,9
OR,4,4,22778,8,5
NAND,5,1,16330,7,5
XOR,3,1,24833,5,5
OR,2,3,17139,7,3
OR,2,2,17509,8,8
OR,4,1,22504,6,9
AND,2,3,23102,10,8
OR,5,4,15253,6,6
NOT,3,4,19406,5,7
NOT,4,4,17073,7,5
NAND,4,1,22355,8,3
AND,4,3,22371,6,3
OR,2,3,20161,9,4
AND,4,2,17282,5,7
XOR,5,2,18385,8,5
XOR,5,3,20539,8,8
XOR,4,1,22715,9,9
XOR,5,1,15045,7,7
NOT,2,1,24748,9,4
AND,3,3,16953,10,5
OR,5,1,23371,10,3
AND,5,4,20574,10,3
NAND,2,4,17668,5,5
NOT,4,2,20045,5,3
NAND,4,3,18973,8,5
NOT,3,4,24126,6,8
AND,4,4,15347,10,8
OR,5,1,22635,7,3
AND,2,1,23465,7,7
NAND,1,2,20955,9,7
NOT,2,4,15021,5,8
XOR,5,4,19703,8,8
AND,1,4,15472,8,7
NAND,4,2,23750,6,7
NOT,2,4,15477,5,9
NOT,3,2,21385,9,6
OR,5,2,18370,5,8
NOT,5,3,16308,9,9
AND,1,3,16056,9,7
OR,4,1,24285,7,8
XOR,2,4,16168,9,3
NAND,3,4,19244,6,5
AND,4,2,16799,8,7
AND,4,4,20268,8,3
NOT,4,3,19665,5,4
AND,1,4,16029,7,7
NAND,2,3,24757,7,5
OR,1,3,17043,7,9
NOT,2,2,17838,7,4
NOT,1,2,16632,5,8
NOT,3,4,17601,8,4
OR,4,2,16739,9,4
NOT,4,2,23886,10,4
XOR,4,2,21287,5,8
NOT,1,2,18312,9,7
NAND,5,4,18643,9,4
XOR,2,2,16454,6,8
NOT,5,3,24159,9,4
XOR,4,1,21390,9,7
OR,1,3,23453,8,5
OR,3,2,24352,7,9
XOR,3,1,20103,8,7
XOR,3,4,24618,6,4
XOR,3,3,21765,9,7
NAND,3,4,16251,9,6
NOT,1,3,19104,9,4
NAND,1,1,19191,7,9
XOR,2,4,19475,8,8
OR,4,4,16544,8,4
AND,3,1,15809,8,8
NAND,4,1,23718,9,5
NAND,1,1,18102,7,7
AND,2,3,15600,6,4
NAND,4,3,16992,7,4
AND,5,2,24182,5,4
OR,3,3,17165,6,5
AND,1,1,19064,8,4
NAND,4,1,16056,5,8
NOT,4,1,18452,8,7
XOR,1,2,21733,5,9
OR,1,4,17990,7,4
AND,1,1,18609,10,5
XOR,2,3,23942,8,4
NAND,4,1,17596,10,4
NAND,4,4,23778,7,3
NOT,1,2,15912,9,3
NAND,2,1,22293,6,7
NAND,3,2,18831,5,8
XOR,5,2,17454,9,9
XOR,3,3,15973,5,4
AND,1,4,19678,6,8
NAND,3,3,18625,6,3
NOT,3,4,20575,10,9
OR,4,1,18457,6,9
AND,1,4,20074,5,7
XOR,1,1,16366,7,5
OR,1,1,15711,7,3
XOR,2,1,15048,7,9
OR,2,3,22363,10,5
OR,1,2,23165,9,3
NOT,4,1,16018,10,9
AND,4,4,15953,5,3
NOT,5,2,15151,7,4
NAND,1,1,17992,5,4
OR,3,3,22383,6,8
AND,3,1,18255,6,9
NOT,5,4,18871,7,4
NOT,2,1,18434,6,4
NAND,3,1,21813,6,4
NOT,1,1,23648,6,4
XOR,3,1,23435,9,5
OR,5,2,21364,9,3
NAND,4,1,19483,7,9
AND,4,1,20650,10,3
OR,3,1,17779,5,7
NAND,2,3,22098,6,5
AND,2,4,18391,7,9
AND,2,3,17314,9,4
XOR,4,4,18401,9,7
NAND,4,1,23712,8,3
XOR,2,2,18033,7,3
OR,1,1,23325,9,9
NAND,1,1,19572,8,3
AND,3,3,20945,6,8
OR,4,1,24331,7,3
NAND,4,1,20647,5,9
AND,4,1,19508,10,9
XOR,3,1,20469,10,4
NOT,5,2,18814,7,5
NAND,3,4,15111,5,8
OR,5,4,18666,9,8
AND,3,3,22507,5,8
XOR,3,4,24074,9,3
NOT,5,1,16553,6,7
OR,2,3,23820,6,9
AND,4,4,22972,7,6
XOR,3,1,18879,5,4
OR,3,4,18728,7,3
NOT,3,2,18387,5,3
NOT,2,3,24293,10,8
NOT,2,2,22060,8,8
NOT,1,2,15824,7,8
NAND,3,1,24849,7,8
NAND,2,3,21239,10,3
OR,4,2,17577,7,7
AND,2,1,24884,10,9
XOR,4,3,24750,5,8
AND,2,2,23339,9,9
NAND,5,2,22420,8,8
AND,1,2,24388,6,4
OR,2,1,24788,5,4
NAND,3,1,24551,7,3
OR,4,3,23985,10,3
XOR,1,1,24671,6,4
OR,5,2,21856,7,4
AND,2,4,19699,5,8
AND,4,3,16481,7,6
XOR,1,3,19448,10,7
XOR,4,3,18434,6,5
OR,2,1,20242,6,5
OR,4,4,20582,8,3
XOR,4,1,21007,10,9
NAND,1,2,21398,6,3
NOT,2,3,23407,8,3
NAND,4,1,18073,7,4
OR,4,1,20732,8,7
XOR,2,3,24345,5,7
NOT,4,2,17376,9,9
NAND,4,2,20715,8,3
AND,4,3,22682,10,4
XOR,1,2,20716,10,3
OR,2,1,24742,6,9
OR,1,4,15795,10,9
NAND,1,4,23932,10,9
OR,2,1,24001,10,8
AND,4,4,17131,9,7
XOR,4,2,20299,10,9
NAND,2,1,16276,7,4
NAND,5,1,15646,6,5
OR,1,2,21198,10,8
NOT,3,3,23913,8,9
NOT,1,3,16875,8,6
XOR,1,3,23520,6,6
OR,4,1,17875,10,3
NAND,2,4,24476,6,5
AND,1,2,18542,10,5
NAND,1,4,24049,7,5
NAND,5,2,17324,7,9
NAND,1,2,20318,6,4
NAND,4,1,19745,9,3
AND,1,2,16269,9,7
NOT,4,3,16598,6,4
NOT,3,4,20153,6,6
AND,4,2,16502,10,8
AND,5,2,18177,9,4
AND,1,1,18885,9,8
XOR,5,4,17304,10,9
NAND,4,2,18725,7,6
NOT,1,2,16717,10,6
XOR,3,2,17225,5,9
NOT,1,4,21661,8,5
NOT,5,1,16208,7,8
